# Blender 5.2.2 LTS
# www.blender.org
mtllib golf.mtl
o mirrored_chassis
v 0.000000 0.584977 5.600000
v 0.000000 0.518939 -5.577193
v -0.000000 -0.979466 -5.447504
v 0.000000 1.228637 2.193361
v -0.000000 -1.100000 -2.600000
v 0.000000 0.931625 4.667492
v -0.000000 -0.600000 5.067492
v 0.000000 2.509223 -3.852497
v 0.000000 2.585015 0.698600
v 1.401148 -0.802106 4.629593
v 0.000000 2.652388 -1.665893
v 0.000000 0.085951 -5.545691
v 1.613744 -1.045699 -2.661702
v 1.613744 -0.438325 -4.704187
v 1.613744 -0.106303 -4.392050
v 1.613744 0.105684 -3.613019
v 1.613744 -0.122758 -3.126927
v 1.613744 -0.455670 -2.780821
v -0.000000 -1.101537 -4.921060
v 1.401148 -0.620884 4.716768
v 1.401148 -0.771454 2.438243
v 1.401148 -0.894294 2.392281
v 1.401148 -0.279398 2.622349
v 1.401148 0.073961 2.905036
v 1.401148 0.341557 3.313979
v 1.401148 0.468279 3.689219
v 1.401148 0.339717 4.243376
v 1.401148 -0.020268 4.624712
v 1.401148 -0.332401 4.733126
v 2.285340 0.931625 4.667492
v 2.446879 0.535682 5.600000
v 2.409625 -0.200000 5.500000
v 2.193343 0.518939 -5.577193
v 2.365744 -0.931275 -1.303067
v 2.210143 -1.100000 -2.440812
v 2.397781 0.883263 2.122054
v 2.193343 1.228637 2.193361
v 2.352114 -0.600000 5.067492
v 1.590251 2.433640 -3.852497
v 1.590251 2.505184 0.750957
v 2.282223 -1.045699 -2.661702
v 2.265845 1.061573 2.049424
v 2.210143 -0.894294 2.392281
v 2.221974 -0.802106 4.629593
v 1.590251 2.539947 -1.665893
v 2.083354 1.113690 -4.035119
v 2.161208 1.092528 -3.458434
v 1.745070 2.233609 -1.728012
v 1.724839 2.161276 -3.221624
v 2.230080 0.635696 -5.423764
v 1.751207 2.247516 -1.464003
v 1.690698 2.274096 0.733025
v 2.138729 1.214736 1.825601
v 2.193343 1.101916 1.748407
v 2.200309 0.971282 -1.238363
v 1.690698 2.379279 0.784315
v 2.374879 -0.792892 2.109499
v 2.500000 -0.587990 -1.380929
v 2.308694 0.863720 -1.452524
v 2.205703 0.960830 -1.417277
v 2.500000 0.407180 -1.487754
v 2.374879 -0.771454 2.438243
v 2.500000 0.537814 2.181875
v 2.500000 -0.418189 2.211564
v 1.724839 2.345351 -1.618388
v 2.407824 -0.979466 -5.447504
v 1.724839 2.225664 -3.875784
v 2.500000 -1.101537 -4.921060
v 2.572080 -0.540712 -4.704187
v 2.572080 -0.106303 -4.392050
v 2.572080 0.105684 -3.839892
v 2.572080 -0.122758 -3.126927
v 2.572080 -0.455670 -2.780821
v 2.500000 -0.487708 -4.804306
v 2.500000 -0.029742 -4.533393
v 2.500000 0.258501 -3.973673
v 2.500000 0.267984 -3.420079
v 2.500000 0.036253 -3.003252
v 2.500000 -0.517545 -2.574272
v 2.427108 -0.620884 4.716768
v 2.615123 0.073961 2.905036
v 2.615123 0.341557 3.313979
v 2.615123 0.468279 3.689219
v 2.615123 0.339717 4.243376
v 2.615123 -0.020268 4.624712
v 2.460886 -0.332401 4.733126
v 2.500000 -0.124344 2.659062
v 2.500000 0.190699 2.914203
v 2.500000 0.445840 3.313553
v 2.500000 0.543020 3.691545
v 2.500000 0.423654 4.247589
v 2.500000 0.199772 4.546004
v 2.500000 -0.025179 4.661292
v 2.204631 0.955810 -1.567005
v 0.000000 0.501522 5.589368
v 2.241439 0.491530 5.593442
v 2.336360 0.436576 5.586240
v 2.321372 -0.048019 5.520396
v 0.000000 0.454061 5.521221
v -0.000000 -0.033031 5.459169
v 2.286401 -0.010550 5.463296
v 2.296393 0.404103 5.519619
v 2.231447 0.454062 5.526231
v 0.000000 1.259739 2.127341
v 0.000000 2.494166 0.973955
v 1.927549 1.292182 2.138312
v 1.992295 1.333701 2.087097
v 1.557058 2.375465 1.057758
v 1.370015 2.458196 0.978403
v 1.946238 0.454061 5.525590
v 2.173223 -0.011663 5.463092
v 1.706959 -0.016248 5.462251
v 1.649655 0.181340 5.489060
v 1.694654 0.320427 5.507901
v 2.199867 0.322472 5.508487
v 2.240775 0.189521 5.490449
v 1.946238 0.454061 5.407880
v 2.173223 -0.011663 5.345382
v 1.706959 -0.016248 5.344540
v 1.649655 0.181340 5.371349
v 1.694654 0.320427 5.390190
v 2.199867 0.322472 5.390777
v 2.240775 0.189521 5.372738
v 0.000000 0.832889 -5.253007
v 0.000000 2.381210 -3.984683
v 1.391038 2.332937 -3.966260
v 1.680676 0.961617 -5.098416
v 1.535857 0.822162 -5.249243
v 2.403332 -0.436115 -5.472994
v 2.391449 0.040577 -5.540426
v 2.450758 -0.523021 -4.960290
v 2.402406 0.051214 -4.958893
v 1.161793 0.032678 -5.539510
v 1.253765 -0.408979 -5.475040
v -0.000000 -0.065730 5.509670
v 2.210143 -1.046667 -1.305669
v 2.210143 -0.904811 2.103788
v 2.417134 0.715762 -1.472494
v 2.272082 0.789193 -4.022589
v 2.402156 0.564094 -4.055596
v 2.500000 -0.144842 2.203075
v 2.514952 -0.279398 2.622349
v 2.139960 1.338984 2.071686
v 1.646268 2.415899 0.946436
v 1.356570 2.521707 0.750957
v 2.287074 0.819711 -2.970189
v 2.441565 0.500894 -3.021338
v 2.408254 0.625843 -3.003931
v 2.197616 0.909393 -2.951343
v 1.632091 2.323011 -3.972148
v 1.538943 0.518940 -5.577193
v 2.027007 0.958755 -5.101512
v 1.262878 -0.979466 -5.447504
v 2.269809 0.970837 4.249796
v 2.234586 1.059763 3.302520
v 2.136478 1.264314 1.926736
v 2.269495 1.044722 1.751172
v -0.000000 -0.226950 5.501362
v 2.464375 0.215503 4.911697
v -0.000000 -0.641540 5.379045
v -0.000000 -0.279635 5.705420
v 2.409625 -0.280037 5.706371
v 2.222133 -0.542052 5.421666
v 1.633242 -1.101537 -4.921060
v -0.000000 -0.390610 -5.490400
v 1.263585 -0.783614 -5.711870
v -0.000000 -0.783614 -5.711870
v 2.080446 -0.783614 -5.711870
v 2.075954 -0.459391 -5.737361
v 1.254472 -0.432254 -5.739407
v -0.000000 -0.413885 -5.754766
v 1.933717 1.228637 2.193361
v 1.698582 2.236732 -1.451660
v 1.638073 2.263313 0.745368
v 2.086103 1.203953 1.837944
v 2.158700 1.072880 1.819797
v 2.165666 0.960499 -1.226019
v 1.990548 1.108754 -4.032478
v 2.091804 1.111264 -3.458187
v 1.663152 2.228571 -1.725371
v 1.642922 2.156238 -3.218984
v 2.122714 0.950772 -1.564364
v 2.115699 0.904355 -2.948702
v 0.000000 1.151909 2.091177
v 0.000000 2.449826 0.895832
v 1.937219 1.179723 2.097439
v 2.001965 1.298668 2.024619
v 1.566728 2.340432 0.995281
v 1.379685 2.423162 0.915926
v 2.259128 -0.455670 -2.780821
v 2.259128 -0.122758 -3.126927
v 1.990704 -0.025123 -2.908209
v 1.980232 -0.106303 -4.392050
v 1.105071 -1.100000 -2.520406
v 2.114199 -1.045699 -2.661702
v 2.259128 -0.489518 -4.704187
v 2.232837 -1.101537 -4.921060
v 0.000000 0.799570 -5.150448
v -0.019706 2.347891 -3.882124
v 1.371332 2.299618 -3.863701
v 1.660970 0.928298 -4.995857
v 1.516151 0.788843 -5.146684
v 1.570697 2.337877 -1.398340
v 1.562690 2.329300 -1.754776
v 1.522755 2.239534 -3.258422
v 1.567130 2.340173 0.753093
v 0.000000 2.483086 0.719208
v 1.516263 2.479481 0.752445
v 1.413081 2.426143 -1.398340
v 1.405073 2.417565 -1.754776
v 1.365138 2.327799 -3.258422
v 0.000000 2.413086 -1.381488
v 0.000000 2.407871 -1.766362
v 0.000000 2.413351 -3.229047
v 1.937963 1.173744 -4.614548
v 1.590336 2.221228 -3.801054
v 2.026778 0.778171 -3.169909
v 0.000000 0.774677 -3.247863
v 0.000000 0.750682 -4.818431
v 2.022673 0.809527 -4.759893
v 2.172519 -0.823647 -2.678794
v 1.942919 -0.793584 -0.177126
v 2.243925 -0.659855 2.085301
v -0.000000 -0.851578 -2.017673
v -0.000000 -0.833858 -1.494351
v -0.000000 -0.035947 -2.963292
v 0.000000 0.771375 -3.566822
v 2.025977 0.784286 -3.586225
v 0.000000 1.144476 -3.446473
v 0.000000 1.054829 -3.292520
v 2.026433 1.058323 -3.214566
v 2.241764 -0.004212 -1.924349
v 2.197206 -0.817453 -2.036830
v 0.630509 -0.699806 0.935179
v 0.629745 -0.811961 -0.177117
v 1.943520 -0.682082 0.952624
v 2.243143 -0.805927 -1.319055
v 1.122207 -0.673821 2.063862
v 0.000000 0.056187 -1.866899
v 0.000000 1.081218 1.810184
v 2.161863 0.871194 1.729550
v 0.000000 0.917287 1.722166
v 1.999467 -0.361281 2.504179
v -0.000000 -0.253218 2.141293
v 2.160166 0.760925 -0.725741
v 0.000000 0.557962 1.717416
v 2.184113 0.456069 1.826008
v 1.849314 -0.455525 -0.091049
v 0.713221 -0.473902 -0.091040
v 1.942919 1.046089 -0.919925
v 1.889856 -0.348404 0.950388
v 1.867332 -0.302117 0.868961
v 0.647181 0.970696 -0.717956
v 0.629745 1.023793 -0.918212
v 0.634516 1.074507 -0.838476
v 1.947208 0.990923 -0.699143
v 1.952731 1.078801 -0.845462
v 0.681743 -0.367684 0.933008
v 0.713842 -0.325155 0.814369
v 2.024606 0.794754 -4.072969
v 0.414008 -0.830726 -1.494351
v 0.474673 -0.683912 1.255295
v 0.259689 -0.824818 -0.847608
v 0.301944 -0.693538 0.998174
v -0.000000 -0.206885 1.680630
v -0.000000 -0.590939 -1.318197
v 0.290381 -0.587807 -1.318197
v 0.351046 -0.237267 1.686578
v 0.544888 -0.682038 2.051248
v 0.324186 -0.265807 2.171781
v 2.158195 1.219691 1.956682
v 2.357361 1.176201 1.981413
v 2.315966 1.271586 2.061893
v 2.295898 1.266478 1.974925
v 2.706851 1.188053 1.883031
v 2.735405 1.283438 1.953372
v 2.715337 1.278330 1.876543
v 2.306752 1.444136 1.971623
v 2.656242 1.455988 1.873241
v 0.353978 0.909740 1.723375
v 0.374811 0.540476 1.720474
v 0.000000 0.161258 1.664376
v 0.373293 0.160606 1.667434
v 0.354493 0.893256 1.640647
v 0.000000 0.900803 1.639438
v 0.000000 0.558845 1.634688
v 0.375326 0.541360 1.637745
v 0.000000 0.867558 1.659076
v 0.000000 0.592456 1.655254
v 0.323567 0.861479 1.660367
v 0.341033 0.583225 1.658075
v 0.000000 0.258648 1.641101
v 0.000000 0.499399 1.648895
v 0.307286 0.489881 1.650251
v 0.305870 0.252374 1.643928
v 0.000000 0.271484 1.833768
v 0.000000 0.487992 1.741913
v 0.255840 0.480117 1.759200
v 0.277857 0.266293 1.847711
v 2.403286 -0.405709 -5.519581
v 2.391402 -0.007770 -5.587013
v 1.161746 -0.014364 -5.586096
v 1.253719 -0.383056 -5.521627
v 2.444963 -0.404577 -5.475751
v 2.433079 0.010107 -5.543183
v 2.492388 -0.480179 -4.963047
v 2.444036 0.019361 -4.961650
v 2.159790 0.736491 -1.237817
v 2.161333 0.836731 1.212788
v 2.191584 0.197003 0.872060
v 2.191086 0.102192 -0.358421
v 2.213142 0.763946 -0.725942
v 2.214309 0.839752 1.212587
v 2.244560 0.303523 0.871859
v 2.244063 0.211645 -0.358622
v 2.243403 -0.757324 -0.186316
v 2.216233 -0.143192 1.965250
v 2.213896 -0.176809 1.288145
v 2.183342 -0.396086 0.911353
v 2.188294 -0.532242 -0.245258
v 2.012999 -0.644517 1.973626
v 2.012529 -0.732236 -0.070773
v 1.988077 -0.179533 1.865584
v 1.985974 -0.209787 1.256205
v 2.036851 -0.403597 0.912426
v 2.041455 -0.530204 -0.163073
v 2.224407 -0.389144 0.952064
v 2.229834 -0.538355 -0.315447
v 1.995434 -0.400883 0.953741
v 2.000318 -0.535169 -0.186987
v 2.185634 -0.517600 0.894976
v 2.190317 -0.646364 -0.198847
v 2.047095 -0.524703 0.895991
v 2.051450 -0.644437 -0.121124
v 2.221231 0.696729 0.723451
v 2.221194 0.684913 0.471473
v 2.230392 0.526881 0.469515
v 2.229988 0.546761 0.731019
v 2.244511 0.294435 0.750148
v 2.214015 0.820645 0.723967
v 2.213865 0.810851 0.473519
v 2.244400 0.273968 0.476043
v 2.243383 0.683450 0.701565
v 2.243352 0.673704 0.493727
v 2.250940 0.543355 0.492112
v 2.250606 0.559753 0.707808
v 2.012767 -0.687919 0.962082
v 0.300365 -0.207272 1.685731
v 0.330086 0.160681 1.667081
v 0.339256 -0.305395 1.102595
v 0.288125 -0.268210 1.163657
v -0.000000 -0.309155 1.097550
v -0.000000 -0.271785 1.156046
v -0.000000 -0.303829 1.687938
v 0.300933 -0.300506 1.693039
v 0.288692 -0.361444 1.170964
v -0.000000 -0.365019 1.163354
v 2.251238 1.017721 3.750366
v -1.401148 -0.802106 4.629593
v -1.613744 -1.045699 -2.661702
v -1.613744 -0.438325 -4.704187
v -1.613744 -0.106303 -4.392050
v -1.613744 0.105685 -3.613019
v -1.613744 -0.122758 -3.126927
v -1.613744 -0.455670 -2.780821
v -1.401148 -0.620884 4.716768
v -1.401148 -0.771454 2.438243
v -1.401148 -0.894294 2.392281
v -1.401148 -0.279398 2.622349
v -1.401148 0.073961 2.905036
v -1.401148 0.341558 3.313979
v -1.401148 0.468279 3.689219
v -1.401148 0.339717 4.243376
v -1.401148 -0.020268 4.624712
v -1.401148 -0.332401 4.733126
v -2.285340 0.931626 4.667492
v -2.446879 0.535682 5.600000
v -2.409625 -0.200000 5.500000
v -2.193343 0.518940 -5.577193
v -2.365744 -0.931274 -1.303067
v -2.210143 -1.100000 -2.440812
v -2.397781 0.883263 2.122054
v -2.193343 1.228637 2.193361
v -2.352114 -0.600000 5.067492
v -1.590251 2.433640 -3.852497
v -1.590251 2.505184 0.750957
v -2.282223 -1.045699 -2.661702
v -2.265845 1.061573 2.049424
v -2.210143 -0.894294 2.392281
v -2.221974 -0.802106 4.629593
v -1.590251 2.539947 -1.665893
v -2.083354 1.113690 -4.035119
v -2.161208 1.092528 -3.458434
v -1.745070 2.233609 -1.728012
v -1.724839 2.161276 -3.221624
v -2.230080 0.635697 -5.423764
v -1.751207 2.247516 -1.464003
v -1.690698 2.274096 0.733025
v -2.138729 1.214736 1.825601
v -2.193343 1.101916 1.748407
v -2.200309 0.971282 -1.238363
v -1.690698 2.379279 0.784315
v -2.374879 -0.792892 2.109499
v -2.500000 -0.587990 -1.380929
v -2.308694 0.863720 -1.452524
v -2.205703 0.960830 -1.417277
v -2.500000 0.407181 -1.487754
v -2.374879 -0.771454 2.438243
v -2.500000 0.537815 2.181875
v -2.500000 -0.418189 2.211564
v -1.724839 2.345351 -1.618388
v -2.407824 -0.979466 -5.447504
v -1.724839 2.225664 -3.875784
v -2.500000 -1.101536 -4.921060
v -2.572080 -0.540712 -4.704187
v -2.572080 -0.106303 -4.392050
v -2.572080 0.105685 -3.839892
v -2.572080 -0.122758 -3.126927
v -2.572080 -0.455670 -2.780821
v -2.500000 -0.487708 -4.804306
v -2.500000 -0.029742 -4.533393
v -2.500000 0.258501 -3.973673
v -2.500000 0.267984 -3.420079
v -2.500000 0.036254 -3.003252
v -2.500000 -0.517545 -2.574272
v -2.427108 -0.620884 4.716768
v -2.615123 0.073961 2.905036
v -2.615123 0.341558 3.313979
v -2.615123 0.468279 3.689219
v -2.615123 0.339717 4.243376
v -2.615123 -0.020268 4.624712
v -2.460886 -0.332401 4.733126
v -2.500000 -0.124343 2.659062
v -2.500000 0.190700 2.914203
v -2.500000 0.445840 3.313553
v -2.500000 0.543020 3.691545
v -2.500000 0.423654 4.247589
v -2.500000 0.199772 4.546004
v -2.500000 -0.025179 4.661292
v -2.204631 0.955810 -1.567005
v -2.241439 0.491530 5.593442
v -2.336360 0.436576 5.586240
v -2.321372 -0.048019 5.520396
v -2.286401 -0.010550 5.463296
v -2.296393 0.404103 5.519619
v -2.231447 0.454062 5.526231
v -1.927549 1.292182 2.138312
v -1.992295 1.333701 2.087097
v -1.557058 2.375465 1.057758
v -1.370015 2.458196 0.978403
v -1.946238 0.454062 5.525590
v -2.173223 -0.011663 5.463092
v -1.706959 -0.016247 5.462251
v -1.649655 0.181340 5.489060
v -1.694654 0.320427 5.507901
v -2.199867 0.322472 5.508487
v -2.240775 0.189522 5.490449
v -1.946238 0.454062 5.407880
v -2.173223 -0.011663 5.345382
v -1.706959 -0.016247 5.344540
v -1.649655 0.181340 5.371349
v -1.694654 0.320427 5.390190
v -2.199867 0.322472 5.390777
v -2.240775 0.189522 5.372738
v -1.391038 2.332937 -3.966260
v -1.680676 0.961617 -5.098416
v -1.535857 0.822162 -5.249243
v -2.403332 -0.436115 -5.472994
v -2.391449 0.040577 -5.540426
v -2.450758 -0.523021 -4.960290
v -2.402406 0.051215 -4.958893
v -1.161793 0.032678 -5.539510
v -1.253765 -0.408979 -5.475040
v -2.210143 -1.046667 -1.305669
v -2.210143 -0.904811 2.103788
v -2.417134 0.715763 -1.472494
v -2.272082 0.789193 -4.022589
v -2.402156 0.564095 -4.055596
v -2.500000 -0.144842 2.203075
v -2.514952 -0.279398 2.622349
v -2.139960 1.338985 2.071686
v -1.646268 2.415899 0.946436
v -1.356569 2.521707 0.750957
v -2.287074 0.819711 -2.970189
v -2.441565 0.500894 -3.021338
v -2.408254 0.625844 -3.003931
v -2.197616 0.909394 -2.951343
v -1.632090 2.323011 -3.972148
v -1.538943 0.518940 -5.577193
v -2.027007 0.958755 -5.101512
v -1.262878 -0.979466 -5.447504
v -2.269809 0.970837 4.249796
v -2.234586 1.059763 3.302520
v -2.136478 1.264314 1.926736
v -2.269495 1.044722 1.751172
v -2.464375 0.215503 4.911697
v -2.409625 -0.280036 5.706371
v -2.222133 -0.542052 5.421666
v -1.633242 -1.101536 -4.921060
v -1.263585 -0.783614 -5.711870
v -2.080446 -0.783614 -5.711870
v -2.075954 -0.459390 -5.737361
v -1.254472 -0.432254 -5.739407
v -1.933717 1.228637 2.193361
v -1.698582 2.236732 -1.451660
v -1.638073 2.263313 0.745368
v -2.086103 1.203953 1.837944
v -2.158700 1.072880 1.819797
v -2.165666 0.960499 -1.226019
v -1.990548 1.108754 -4.032478
v -2.091804 1.111265 -3.458187
v -1.663152 2.228571 -1.725371
v -1.642921 2.156238 -3.218984
v -2.122714 0.950772 -1.564364
v -2.115699 0.904355 -2.948702
v -1.937219 1.179724 2.097439
v -2.001965 1.298668 2.024619
v -1.566728 2.340432 0.995281
v -1.379685 2.423162 0.915926
v -2.259128 -0.455670 -2.780821
v -2.259128 -0.122758 -3.126927
v -1.990704 -0.025123 -2.908209
v -1.980232 -0.106303 -4.392050
v -1.105071 -1.100000 -2.520406
v -2.114199 -1.045699 -2.661702
v -2.259128 -0.489518 -4.704187
v -2.232837 -1.101536 -4.921060
v 0.019706 2.347891 -3.882124
v -1.371332 2.299618 -3.863701
v -1.660970 0.928298 -4.995857
v -1.516151 0.788843 -5.146684
v -1.570697 2.337877 -1.398340
v -1.562690 2.329300 -1.754776
v -1.522755 2.239534 -3.258422
v -1.567129 2.340173 0.753093
v -1.516263 2.479481 0.752445
v -1.413080 2.426143 -1.398340
v -1.405073 2.417565 -1.754776
v -1.365138 2.327799 -3.258422
v -1.937963 1.173744 -4.614548
v -1.590336 2.221228 -3.801054
v -2.026778 0.778171 -3.169909
v -2.022673 0.809527 -4.759893
v -2.172519 -0.823646 -2.678794
v -1.942919 -0.793584 -0.177126
v -2.243925 -0.659855 2.085301
v -2.025977 0.784286 -3.586225
v -2.026433 1.058323 -3.214566
v -2.241764 -0.004211 -1.924349
v -2.197206 -0.817452 -2.036830
v -0.630509 -0.699806 0.935179
v -0.629745 -0.811961 -0.177117
v -1.943520 -0.682082 0.952624
v -2.243143 -0.805926 -1.319055
v -1.122207 -0.673821 2.063862
v -2.161863 0.871194 1.729550
v -1.999467 -0.361281 2.504179
v -2.160166 0.760926 -0.725741
v -2.184113 0.456070 1.826008
v -1.849314 -0.455525 -0.091049
v -0.713221 -0.473902 -0.091040
v -1.942919 1.046089 -0.919925
v -1.889856 -0.348404 0.950388
v -1.867332 -0.302117 0.868961
v -0.647181 0.970696 -0.717956
v -0.629745 1.023793 -0.918212
v -0.634516 1.074507 -0.838476
v -1.947208 0.990923 -0.699143
v -1.952731 1.078802 -0.845462
v -0.681743 -0.367684 0.933008
v -0.713842 -0.325155 0.814369
v -2.024606 0.794754 -4.072969
v -0.414008 -0.830726 -1.494351
v -0.474673 -0.683912 1.255295
v -0.259689 -0.824818 -0.847608
v -0.301944 -0.693538 0.998174
v -0.290381 -0.587807 -1.318197
v -0.351046 -0.237267 1.686578
v -0.544888 -0.682038 2.051248
v -0.324186 -0.265807 2.171781
v -2.158195 1.219691 1.956682
v -2.357361 1.176201 1.981413
v -2.315966 1.271586 2.061893
v -2.295898 1.266478 1.974925
v -2.706851 1.188053 1.883031
v -2.735405 1.283438 1.953372
v -2.715337 1.278330 1.876543
v -2.306752 1.444136 1.971623
v -2.656242 1.455988 1.873241
v -0.353978 0.909740 1.723375
v -0.374811 0.540476 1.720474
v -0.373293 0.160606 1.667434
v -0.354493 0.893256 1.640647
v -0.375326 0.541360 1.637745
v -0.323567 0.861479 1.660367
v -0.341033 0.583225 1.658075
v -0.307286 0.489881 1.650251
v -0.305870 0.252374 1.643928
v -0.255840 0.480117 1.759200
v -0.277857 0.266293 1.847711
v -2.403286 -0.405709 -5.519581
v -2.391402 -0.007770 -5.587013
v -1.161746 -0.014364 -5.586096
v -1.253719 -0.383056 -5.521627
v -2.444963 -0.404577 -5.475751
v -2.433079 0.010107 -5.543183
v -2.492388 -0.480178 -4.963047
v -2.444036 0.019361 -4.961650
v -2.159790 0.736491 -1.237817
v -2.161333 0.836732 1.212788
v -2.191584 0.197003 0.872060
v -2.191086 0.102192 -0.358421
v -2.213142 0.763947 -0.725942
v -2.214309 0.839752 1.212587
v -2.244560 0.303524 0.871859
v -2.244063 0.211645 -0.358622
v -2.243403 -0.757324 -0.186316
v -2.216233 -0.143192 1.965250
v -2.213896 -0.176809 1.288145
v -2.183342 -0.396086 0.911353
v -2.188294 -0.532242 -0.245258
v -2.012999 -0.644517 1.973626
v -2.012529 -0.732236 -0.070773
v -1.988077 -0.179533 1.865584
v -1.985974 -0.209787 1.256205
v -2.036851 -0.403597 0.912426
v -2.041455 -0.530204 -0.163073
v -2.224407 -0.389144 0.952064
v -2.229834 -0.538355 -0.315447
v -1.995434 -0.400883 0.953741
v -2.000318 -0.535169 -0.186987
v -2.185634 -0.517599 0.894976
v -2.190317 -0.646364 -0.198847
v -2.047095 -0.524702 0.895991
v -2.051450 -0.644437 -0.121124
v -2.221231 0.696729 0.723451
v -2.221194 0.684913 0.471473
v -2.230392 0.526882 0.469515
v -2.229988 0.546761 0.731019
v -2.244511 0.294436 0.750148
v -2.214015 0.820645 0.723967
v -2.213865 0.810851 0.473519
v -2.244400 0.273969 0.476043
v -2.243383 0.683451 0.701565
v -2.243352 0.673704 0.493727
v -2.250940 0.543356 0.492112
v -2.250606 0.559753 0.707808
v -2.012767 -0.687919 0.962082
v -0.300365 -0.207272 1.685731
v -0.330086 0.160681 1.667081
v -0.339256 -0.305395 1.102595
v -0.288125 -0.268210 1.163657
v -0.300933 -0.300506 1.693039
v -0.288692 -0.361444 1.170964
v -2.251238 1.017721 3.750366
vn 0.0170 -0.9998 0.0126
vn 0.0287 0.9558 0.2927
vn 0.0034 0.7263 -0.6874
vn 1.0000 -0.0000 -0.0000
vn -0.0000 0.4335 -0.9012
vn -0.0000 -0.3504 0.9366
vn 0.0079 0.9929 0.1189
vn -0.0000 0.0566 -0.9984
vn -0.0000 -0.7272 -0.6865
vn 0.9953 0.0953 -0.0190
vn 0.9668 -0.0981 0.2360
vn 0.9434 0.3229 -0.0757
vn 0.5948 -0.8030 0.0377
vn 0.6451 0.7633 -0.0333
vn 0.9046 -0.4241 -0.0425
vn 0.8248 0.5293 -0.1989
vn 0.9403 -0.3401 0.0137
vn 0.9422 0.3338 0.0282
vn 0.7710 0.6332 0.0683
vn 0.8317 0.5544 -0.0282
vn 0.8324 0.1036 -0.5444
vn 0.6086 -0.7737 0.1762
vn 0.2906 0.1826 0.9392
vn 0.0153 -0.9694 -0.2450
vn -0.0347 -0.6139 0.7886
vn 0.8057 0.5923 0.0058
vn 0.8109 0.2077 -0.5470
vn 0.0359 -0.9522 0.3033
vn -0.0000 -0.6247 0.7809
vn -0.0002 -0.9991 0.0422
vn -0.9368 0.0540 0.3458
vn 0.9520 0.3060 0.0064
vn -0.0000 -0.8368 0.5476
vn -0.0000 -0.9080 0.4191
vn -0.0000 -0.7207 -0.6932
vn 0.0097 0.9293 0.3692
vn -0.0000 -0.9474 0.3200
vn 0.0600 0.9980 0.0203
vn -0.0570 -0.1841 -0.9813
vn -0.0027 -0.1346 0.9909
vn -0.0000 -0.9741 -0.2260
vn 0.0589 0.9966 -0.0569
vn -0.0000 -0.9742 -0.2259
vn 0.8813 0.4662 -0.0775
vn 0.6919 0.7214 -0.0293
vn 0.9964 0.0845 -0.0097
vn 0.8416 0.5318 -0.0941
vn 0.5000 0.6692 -0.5497
vn 0.5642 0.5788 0.5888
vn 0.5616 0.8075 0.1803
vn 0.5964 0.7694 -0.2287
vn 0.6177 0.6604 -0.4271
vn -0.1301 -0.9907 0.0408
vn -0.0000 -0.3281 -0.9446
vn -0.0850 -0.9943 0.0648
vn -0.0025 -0.1295 0.9916
vn -0.0030 -0.8470 0.5316
vn -0.4291 -0.7248 0.5390
vn -0.8552 -0.0464 0.5162
vn -0.0016 -0.1292 0.9916
vn -0.0012 -0.1339 0.9910
vn -0.4605 -0.8876 -0.0000
vn 0.9514 -0.3078 -0.0000
vn 0.9604 0.2785 -0.0000
vn -0.9558 -0.2941 -0.0000
vn 0.4691 -0.8831 -0.0000
vn -0.0098 1.0000 -0.0000
vn -0.9480 0.3183 -0.0000
vn -0.0005 -0.1338 0.9910
vn 0.5980 0.8011 -0.0250
vn -0.0176 -0.8556 -0.5173
vn -0.0091 0.8363 0.5483
vn 0.5778 -0.8155 0.0327
vn 0.5754 -0.8168 0.0423
vn 0.9623 0.2717 -0.0086
vn 0.8067 0.5905 -0.0233
vn 0.8550 0.5177 -0.0313
vn 0.9591 0.2143 -0.1851
vn 0.9785 0.0701 -0.1939
vn 0.9958 0.0039 -0.0914
vn 0.9653 0.2603 -0.0209
vn 0.9995 0.0306 -0.0075
vn 0.4993 0.5453 -0.6733
vn 0.9990 0.0364 -0.0239
vn 0.9507 -0.3065 0.0472
vn 0.0291 0.7213 0.6921
vn 0.2004 0.7404 0.6416
vn 0.1413 0.9257 0.3508
vn 0.8272 0.5609 -0.0329
vn 0.9764 0.2154 0.0173
vn 0.8987 0.4384 0.0133
vn 0.0327 0.7193 -0.6939
vn -0.0000 0.7342 -0.6789
vn 0.0021 0.6375 -0.7705
vn -0.0000 -0.8035 -0.5953
vn -0.0002 -0.0769 -0.9970
vn 0.0008 -0.0754 -0.9972
vn 0.9486 0.2990 -0.1037
vn 0.9536 0.2802 -0.1105
vn 0.9055 0.4214 0.0504
vn 0.9387 0.3435 0.0279
vn 0.9612 0.2005 -0.1894
vn 0.9245 0.3809 -0.0148
vn 0.7922 0.5998 -0.1121
vn 0.9386 0.3061 -0.1592
vn 0.9903 0.1380 0.0186
vn -0.0011 -0.0916 0.9958
vn 0.9905 -0.1373 -0.0048
vn 0.9429 0.3186 0.0966
vn 0.9723 0.2176 0.0854
vn 0.9747 -0.0748 0.2106
vn -0.0052 0.9515 0.3077
vn 0.8456 -0.5039 0.1762
vn 0.0083 -0.7010 0.7131
vn 0.0215 -0.9994 0.0288
vn -0.0132 -0.3219 0.9467
vn 0.8843 0.2554 -0.3909
vn 0.9127 0.3726 -0.1676
vn 0.9548 0.2930 0.0507
vn 0.9403 0.2976 0.1654
vn 0.9081 0.2756 0.3153
vn 0.8954 -0.4012 0.1930
vn 0.9999 0.0101 0.0030
vn 0.0050 -0.1288 -0.9917
vn -0.0001 -0.0783 -0.9969
vn 0.0054 -0.0971 -0.9953
vn 0.0157 0.9960 -0.0877
vn 0.6214 -0.0395 -0.7825
vn 0.0276 0.9941 -0.1046
vn -1.0000 -0.0000 -0.0000
vn -0.0084 0.7876 0.6161
vn -0.5298 0.8474 -0.0354
vn -0.0148 -0.7209 -0.6929
vn 0.2082 0.2423 0.9476
vn -0.6753 -0.0650 -0.7347
vn 0.2046 -0.9787 0.0175
vn -0.0237 -0.1334 -0.9908
vn 0.0628 -0.9969 0.0474
vn 0.0910 0.9316 0.3520
vn 0.0584 -0.6000 0.7979
vn 0.0848 0.9964 0.0029
vn -0.0624 0.9975 -0.0331
vn -0.9382 -0.3208 0.1295
vn -0.5014 -0.7855 0.3628
vn -0.8153 0.2568 -0.5190
vn -0.0242 -0.8713 0.4902
vn -0.9376 -0.3443 0.0480
vn -0.0009 0.3301 -0.9440
vn -0.0304 -0.3445 0.9383
vn 0.0236 -0.2034 -0.9788
vn -0.0336 -0.6646 0.7464
vn 0.0154 -0.9506 -0.3100
vn -0.0288 -0.9490 -0.3139
vn 0.0059 0.9509 0.3095
vn -0.9787 -0.0406 -0.2012
vn -0.7328 0.6758 0.0788
vn -0.8537 -0.1367 -0.5026
vn -0.8671 -0.4840 -0.1183
vn -0.6678 -0.7443 -0.0049
vn -0.6571 -0.7510 0.0652
vn -0.6495 -0.7584 0.0541
vn -0.5936 -0.7454 -0.3034
vn -0.7349 -0.6782 -0.0005
vn -0.0054 -0.9665 -0.2567
vn -0.4876 -0.8707 0.0649
vn -0.4884 -0.8721 0.0320
vn -0.7371 -0.6752 0.0258
vn 0.0031 -0.9996 0.0289
vn 0.0081 -0.9998 0.0185
vn -0.0272 -0.9992 0.0288
vn -0.0481 -0.9961 0.0746
vn -0.9369 -0.3466 0.0459
vn -0.5599 -0.8275 -0.0418
vn -0.4061 -0.9137 0.0109
vn -0.3829 -0.6382 0.6679
vn -0.9951 0.0240 0.0964
vn -0.5898 -0.3559 0.7249
vn -0.0144 0.9987 0.0494
vn -0.8973 0.4401 -0.0330
vn -0.0325 0.3211 0.9465
vn -0.0177 0.9998 0.0019
vn -0.0382 0.1573 0.9868
vn 0.0014 0.9412 0.3378
vn -0.0055 0.3348 -0.9423
vn -0.0421 -0.9336 -0.3557
vn -0.9987 -0.0315 -0.0395
vn 0.0626 0.9946 -0.0828
vn -0.0085 0.9998 -0.0170
vn -0.0173 0.9982 -0.0567
vn 0.0162 -0.1516 0.9883
vn -0.9573 0.1398 0.2530
vn -0.0130 0.9998 -0.0130
vn -0.9918 -0.1271 0.0093
vn -0.0034 0.9526 -0.3041
vn 0.0091 0.4383 -0.8988
vn -0.8961 -0.1455 -0.4193
vn -0.4657 0.4415 0.7669
vn 0.9983 0.0577 0.0008
vn 0.0968 0.6389 -0.7632
vn 0.0647 -0.5617 -0.8248
vn -0.0133 0.9997 -0.0220
vn 0.9728 0.2276 -0.0428
vn -0.0287 0.9141 0.4044
vn -0.9742 0.2226 -0.0380
vn -0.9646 0.0840 0.2501
vn 0.9736 0.0599 0.2203
vn 0.0052 -0.3744 -0.9273
vn -0.0133 0.3929 0.9195
vn -0.0105 0.8799 -0.4751
vn -0.0102 0.8120 0.5836
vn -0.0139 0.0066 0.9999
vn -0.0140 0.9871 -0.1597
vn 0.4888 0.8161 0.3085
vn 0.0117 0.9984 -0.0557
vn -0.9955 -0.0480 0.0816
vn -0.9984 -0.0560 0.0011
vn -0.9831 -0.1806 0.0309
vn -0.0052 0.5862 -0.8102
vn -0.0273 0.0780 0.9966
vn 0.9246 0.3774 -0.0521
vn 0.0584 0.9924 0.1081
vn 0.8899 0.4499 0.0757
vn 0.9368 0.3399 -0.0834
vn -0.2414 -0.1398 -0.9603
vn 0.0407 -0.3467 -0.9371
vn -0.3206 0.9471 0.0136
vn 0.7458 -0.2154 0.6304
vn 0.9636 -0.1081 -0.2445
vn -0.9732 0.0636 0.2208
vn 0.2259 -0.5947 0.7715
vn 0.2148 0.4761 0.8528
vn -0.2461 -0.0514 -0.9679
vn 0.9178 0.3005 -0.2597
vn 0.0059 -0.2377 -0.9713
vn 0.0267 -0.1169 -0.9928
vn 0.0168 -0.7596 -0.6501
vn 0.9964 -0.0157 0.0838
vn -0.0072 -0.5153 -0.8570
vn -0.0465 -0.9989 -0.0108
vn 0.0216 0.9805 -0.1953
vn 1.0000 -0.0049 0.0062
vn 0.0064 0.0112 -0.9999
vn -0.5259 -0.0250 -0.8502
vn 0.0253 0.4851 -0.8741
vn -0.9657 -0.0885 -0.2442
vn 0.0215 0.9976 -0.0658
vn -0.0270 -0.9935 -0.1110
vn 0.0446 -0.3842 -0.9222
vn 0.0696 -0.0381 -0.9968
vn -0.0029 -0.2324 -0.9726
vn -0.0007 -0.1697 -0.9855
vn -0.0047 0.6987 -0.7154
vn 0.5132 -0.7185 -0.4695
vn -0.9757 -0.2136 0.0494
vn 0.9968 0.0621 -0.0494
vn 0.6491 -0.7397 -0.1773
vn 0.0656 0.0033 0.9978
vn 0.7314 -0.0908 -0.6758
vn 0.4179 0.6302 -0.6544
vn -0.4483 0.4308 -0.7832
vn -1.0000 0.0068 -0.0011
vn 0.0570 -0.9976 0.0390
vn -0.9984 -0.0560 0.0043
vn -0.4342 -0.4774 -0.7639
vn -0.0472 0.8438 -0.5346
vn 0.4627 0.3410 0.8183
vn -0.4180 0.1843 0.8896
vn -0.1363 0.9895 -0.0487
vn -0.0517 0.9918 -0.1170
vn -0.9998 -0.0186 -0.0021
vn -0.0141 0.1333 -0.9910
vn 0.9964 0.0851 -0.0057
vn -0.9983 -0.0580 0.0032
vn -0.7237 -0.0769 -0.6859
vn -0.9984 -0.0562 0.0037
vn -0.9983 -0.0581 0.0029
vn -0.9985 -0.0552 0.0037
vn -0.7203 -0.0505 0.6918
vn -0.5815 0.8111 -0.0626
vn -0.4835 -0.8744 0.0411
vn -0.9986 -0.0521 0.0056
vn -0.9982 -0.0602 0.0028
vn 0.9972 -0.0533 0.0521
vn -0.0030 -0.0491 -0.9988
vn 0.0075 -0.2430 -0.9700
vn -0.9948 0.0833 0.0588
vn -0.0091 0.9932 -0.1158
vn 0.5008 0.8584 -0.1111
vn -0.0099 0.9932 -0.1158
vn 0.0007 0.8487 -0.5289
vn 0.0173 -0.0766 -0.9969
vn -0.9997 -0.0042 0.0239
vn 0.9954 0.0863 0.0409
vn 0.9024 0.4283 -0.0468
vn 0.9528 0.3037 -0.0052
vn -0.0170 -0.9998 0.0126
vn -0.0287 0.9558 0.2927
vn -0.0034 0.7263 -0.6874
vn -0.0079 0.9929 0.1189
vn -0.9953 0.0953 -0.0190
vn -0.9668 -0.0981 0.2360
vn -0.9434 0.3229 -0.0757
vn -0.5948 -0.8030 0.0377
vn -0.6451 0.7633 -0.0333
vn -0.9046 -0.4241 -0.0425
vn -0.8248 0.5293 -0.1989
vn -0.9403 -0.3401 0.0137
vn -0.9422 0.3338 0.0282
vn -0.7710 0.6332 0.0683
vn -0.8317 0.5544 -0.0282
vn -0.8324 0.1036 -0.5444
vn -0.6086 -0.7737 0.1762
vn -0.2906 0.1826 0.9392
vn -0.0153 -0.9694 -0.2450
vn 0.0347 -0.6139 0.7886
vn -0.8057 0.5923 0.0058
vn -0.8109 0.2077 -0.5470
vn -0.0359 -0.9522 0.3033
vn 0.0002 -0.9991 0.0422
vn 0.9368 0.0540 0.3458
vn -0.9520 0.3060 0.0064
vn -0.0097 0.9293 0.3692
vn -0.0600 0.9980 0.0203
vn 0.0570 -0.1841 -0.9813
vn 0.0027 -0.1346 0.9909
vn -0.0589 0.9966 -0.0569
vn -0.8813 0.4662 -0.0775
vn -0.6919 0.7214 -0.0293
vn -0.9964 0.0845 -0.0097
vn -0.8416 0.5318 -0.0941
vn -0.5000 0.6692 -0.5497
vn -0.5642 0.5788 0.5888
vn -0.5616 0.8075 0.1803
vn -0.5964 0.7694 -0.2287
vn -0.6177 0.6604 -0.4271
vn 0.1301 -0.9907 0.0408
vn 0.0850 -0.9943 0.0648
vn 0.0025 -0.1295 0.9916
vn 0.0030 -0.8470 0.5316
vn 0.4291 -0.7248 0.5390
vn 0.8552 -0.0464 0.5162
vn 0.0016 -0.1292 0.9916
vn 0.0012 -0.1339 0.9910
vn 0.4605 -0.8876 -0.0000
vn -0.9514 -0.3078 -0.0000
vn -0.9604 0.2785 -0.0000
vn 0.9558 -0.2941 -0.0000
vn -0.4691 -0.8831 -0.0000
vn 0.0098 1.0000 -0.0000
vn 0.9480 0.3183 -0.0000
vn 0.0005 -0.1338 0.9910
vn -0.5980 0.8011 -0.0250
vn 0.0176 -0.8556 -0.5173
vn 0.0091 0.8363 0.5483
vn -0.5778 -0.8155 0.0327
vn -0.5754 -0.8168 0.0423
vn -0.9623 0.2717 -0.0086
vn -0.8067 0.5905 -0.0233
vn -0.8550 0.5177 -0.0313
vn -0.9591 0.2143 -0.1851
vn -0.9785 0.0701 -0.1939
vn -0.9958 0.0039 -0.0914
vn -0.9653 0.2603 -0.0209
vn -0.9995 0.0306 -0.0075
vn -0.4993 0.5453 -0.6733
vn -0.9990 0.0364 -0.0239
vn -0.9507 -0.3065 0.0472
vn -0.0291 0.7213 0.6921
vn -0.2004 0.7404 0.6416
vn -0.1413 0.9257 0.3508
vn -0.8272 0.5609 -0.0329
vn -0.9764 0.2154 0.0173
vn -0.8987 0.4384 0.0133
vn -0.0327 0.7193 -0.6939
vn -0.0021 0.6375 -0.7705
vn 0.0002 -0.0769 -0.9970
vn -0.0008 -0.0754 -0.9972
vn -0.9486 0.2990 -0.1037
vn -0.9536 0.2802 -0.1105
vn -0.9055 0.4214 0.0504
vn -0.9387 0.3435 0.0279
vn -0.9612 0.2005 -0.1894
vn -0.9245 0.3809 -0.0148
vn -0.7922 0.5998 -0.1121
vn -0.9386 0.3061 -0.1592
vn -0.9903 0.1380 0.0186
vn 0.0011 -0.0916 0.9958
vn -0.9905 -0.1373 -0.0048
vn -0.9429 0.3186 0.0966
vn -0.9723 0.2176 0.0854
vn -0.9747 -0.0748 0.2106
vn 0.0052 0.9515 0.3077
vn -0.8456 -0.5039 0.1762
vn -0.0083 -0.7010 0.7131
vn -0.0215 -0.9994 0.0288
vn 0.0132 -0.3219 0.9467
vn -0.8843 0.2554 -0.3909
vn -0.9127 0.3726 -0.1676
vn -0.9548 0.2930 0.0507
vn -0.9403 0.2976 0.1654
vn -0.9081 0.2756 0.3153
vn -0.8954 -0.4012 0.1930
vn -0.9999 0.0101 0.0030
vn -0.0050 -0.1288 -0.9917
vn 0.0001 -0.0783 -0.9969
vn -0.0054 -0.0971 -0.9953
vn -0.0157 0.9960 -0.0877
vn -0.6214 -0.0395 -0.7825
vn -0.0276 0.9941 -0.1046
vn 0.0084 0.7876 0.6161
vn 0.5298 0.8474 -0.0354
vn 0.0148 -0.7209 -0.6929
vn -0.2082 0.2423 0.9476
vn 0.6753 -0.0650 -0.7347
vn -0.2046 -0.9787 0.0175
vn 0.0237 -0.1334 -0.9908
vn -0.0628 -0.9969 0.0474
vn -0.0910 0.9316 0.3520
vn -0.0584 -0.6000 0.7979
vn -0.0848 0.9964 0.0029
vn 0.0624 0.9975 -0.0331
vn 0.9382 -0.3208 0.1295
vn 0.5014 -0.7855 0.3628
vn 0.8153 0.2568 -0.5190
vn 0.0242 -0.8713 0.4902
vn 0.9376 -0.3443 0.0480
vn 0.0009 0.3301 -0.9440
vn 0.0304 -0.3445 0.9383
vn -0.0236 -0.2034 -0.9788
vn 0.0336 -0.6646 0.7464
vn -0.0154 -0.9506 -0.3100
vn 0.0288 -0.9490 -0.3139
vn -0.0059 0.9509 0.3095
vn 0.9787 -0.0406 -0.2012
vn 0.7328 0.6758 0.0788
vn 0.8537 -0.1367 -0.5026
vn 0.8671 -0.4840 -0.1183
vn 0.6678 -0.7443 -0.0049
vn 0.6571 -0.7510 0.0652
vn 0.6495 -0.7584 0.0541
vn 0.5936 -0.7454 -0.3034
vn 0.7349 -0.6782 -0.0005
vn 0.0054 -0.9665 -0.2567
vn 0.4876 -0.8707 0.0649
vn 0.4884 -0.8721 0.0320
vn 0.7371 -0.6752 0.0258
vn -0.0031 -0.9996 0.0289
vn -0.0081 -0.9998 0.0185
vn 0.0272 -0.9992 0.0288
vn 0.0481 -0.9961 0.0746
vn 0.9369 -0.3466 0.0459
vn 0.5599 -0.8275 -0.0418
vn 0.4061 -0.9137 0.0109
vn 0.3829 -0.6382 0.6679
vn 0.9951 0.0240 0.0964
vn 0.5898 -0.3559 0.7249
vn 0.0144 0.9987 0.0494
vn 0.8973 0.4401 -0.0330
vn 0.0325 0.3211 0.9465
vn 0.0177 0.9998 0.0019
vn 0.0382 0.1573 0.9868
vn -0.0014 0.9412 0.3378
vn 0.0055 0.3348 -0.9423
vn 0.0421 -0.9336 -0.3557
vn 0.9987 -0.0315 -0.0395
vn -0.0626 0.9946 -0.0828
vn 0.0085 0.9998 -0.0170
vn 0.0173 0.9982 -0.0567
vn -0.0162 -0.1516 0.9883
vn 0.9573 0.1398 0.2530
vn 0.0130 0.9998 -0.0130
vn 0.9918 -0.1271 0.0093
vn 0.0034 0.9526 -0.3041
vn -0.0091 0.4383 -0.8988
vn 0.8961 -0.1455 -0.4193
vn 0.4657 0.4415 0.7669
vn -0.9983 0.0577 0.0008
vn -0.0968 0.6389 -0.7632
vn -0.0647 -0.5617 -0.8248
vn 0.0133 0.9997 -0.0220
vn -0.9728 0.2276 -0.0428
vn 0.0287 0.9141 0.4044
vn 0.9742 0.2226 -0.0380
vn 0.9646 0.0840 0.2501
vn -0.9736 0.0599 0.2203
vn -0.0052 -0.3744 -0.9273
vn 0.0133 0.3929 0.9195
vn 0.0105 0.8799 -0.4751
vn 0.0102 0.8120 0.5836
vn 0.0139 0.0066 0.9999
vn 0.0140 0.9871 -0.1597
vn -0.4888 0.8161 0.3085
vn -0.0117 0.9984 -0.0557
vn 0.9955 -0.0480 0.0816
vn 0.9984 -0.0560 0.0011
vn 0.9831 -0.1806 0.0309
vn 0.0052 0.5862 -0.8102
vn 0.0273 0.0780 0.9966
vn -0.9246 0.3774 -0.0521
vn -0.0584 0.9924 0.1081
vn -0.8899 0.4499 0.0757
vn -0.9368 0.3399 -0.0834
vn 0.2414 -0.1398 -0.9603
vn -0.0407 -0.3467 -0.9371
vn 0.3206 0.9471 0.0136
vn -0.7458 -0.2154 0.6304
vn -0.9636 -0.1081 -0.2445
vn 0.9732 0.0636 0.2208
vn -0.2259 -0.5947 0.7715
vn -0.2148 0.4761 0.8528
vn 0.2461 -0.0514 -0.9679
vn -0.9178 0.3005 -0.2597
vn -0.0059 -0.2377 -0.9713
vn -0.0267 -0.1169 -0.9928
vn -0.0168 -0.7596 -0.6501
vn -0.9964 -0.0157 0.0838
vn 0.0072 -0.5153 -0.8570
vn 0.0465 -0.9989 -0.0108
vn -0.0216 0.9805 -0.1953
vn -1.0000 -0.0049 0.0062
vn -0.0064 0.0112 -0.9999
vn 0.5259 -0.0250 -0.8502
vn -0.0253 0.4851 -0.8741
vn 0.9657 -0.0885 -0.2442
vn -0.0215 0.9976 -0.0658
vn 0.0270 -0.9935 -0.1110
vn -0.0446 -0.3842 -0.9222
vn -0.0696 -0.0381 -0.9968
vn 0.0029 -0.2324 -0.9726
vn 0.0007 -0.1697 -0.9855
vn 0.0047 0.6987 -0.7154
vn -0.5132 -0.7185 -0.4695
vn 0.9757 -0.2136 0.0494
vn -0.9968 0.0621 -0.0494
vn -0.6491 -0.7398 -0.1773
vn -0.0657 0.0033 0.9978
vn -0.7314 -0.0908 -0.6758
vn -0.4179 0.6302 -0.6544
vn 0.4483 0.4308 -0.7832
vn 1.0000 0.0068 -0.0011
vn -0.0570 -0.9976 0.0390
vn 0.9984 -0.0560 0.0043
vn 0.4342 -0.4774 -0.7639
vn 0.0472 0.8438 -0.5346
vn -0.4627 0.3410 0.8183
vn 0.4180 0.1843 0.8896
vn 0.1363 0.9895 -0.0487
vn 0.0517 0.9918 -0.1170
vn 0.9998 -0.0186 -0.0021
vn 0.0141 0.1333 -0.9910
vn -0.9964 0.0851 -0.0057
vn 0.9983 -0.0580 0.0032
vn 0.7237 -0.0769 -0.6858
vn 0.9984 -0.0562 0.0037
vn 0.9983 -0.0581 0.0029
vn 0.9985 -0.0552 0.0037
vn 0.7203 -0.0505 0.6918
vn 0.5815 0.8111 -0.0626
vn 0.4835 -0.8744 0.0411
vn 0.9986 -0.0521 0.0056
vn 0.9982 -0.0602 0.0028
vn -0.9972 -0.0533 0.0521
vn 0.0030 -0.0491 -0.9988
vn -0.0075 -0.2430 -0.9700
vn 0.9948 0.0833 0.0588
vn 0.0091 0.9932 -0.1158
vn -0.5008 0.8584 -0.1111
vn 0.0099 0.9932 -0.1158
vn -0.0007 0.8487 -0.5289
vn -0.0173 -0.0766 -0.9969
vn 0.9997 -0.0042 0.0239
vn -0.9954 0.0863 0.0409
vn -0.9024 0.4283 -0.0468
vn -0.9528 0.3037 -0.0052
vt 0.917499 0.961697
vt 0.883814 0.971156
vt 0.883814 0.873114
vt 0.917904 0.873110
vt 0.116120 0.376482
vt 0.116314 0.360313
vt 0.172738 0.366019
vt 0.172100 0.373763
vt 0.038043 0.863139
vt 0.038929 0.819003
vt 0.114609 0.825542
vt 0.113883 0.869236
vt 0.843087 0.597895
vt 0.838396 0.589734
vt 0.834954 0.578204
vt 0.833426 0.567758
vt 0.835505 0.552689
vt 0.840662 0.542627
vt 0.845008 0.540004
vt 0.848959 0.540779
vt 0.851398 0.543378
vt 0.851398 0.604907
vt 0.849737 0.603506
vt 0.271471 0.803566
vt 0.273932 0.803545
vt 0.273985 0.828657
vt 0.271513 0.823657
vt 0.317962 0.803723
vt 0.319571 0.803655
vt 0.319780 0.823512
vt 0.318212 0.827623
vt 0.018944 0.836560
vt 0.017645 0.676543
vt 0.091225 0.674153
vt 0.090944 0.701184
vt 0.090609 0.733505
vt 0.090308 0.762487
vt 0.089562 0.834266
vt 0.081203 0.834538
vt 0.277468 0.803516
vt 0.277522 0.829454
vt 0.281512 0.803482
vt 0.288451 0.803920
vt 0.287580 0.834738
vt 0.281498 0.832050
vt 0.674874 0.201379
vt 0.657903 0.181355
vt 0.666189 0.155877
vt 0.690731 0.145195
vt 0.664855 0.136131
vt 0.649278 0.089067
vt 0.636452 0.113306
vt 0.619488 0.179052
vt 0.159163 0.413585
vt 0.159152 0.402508
vt 0.207877 0.393380
vt 0.211929 0.402112
vt 0.424798 0.066357
vt 0.487766 0.047415
vt 0.487707 0.064293
vt 0.487083 0.849656
vt 0.486832 0.843125
vt 0.596726 0.843177
vt 0.595232 0.852920
vt 0.589005 0.852951
vt 0.534794 0.111131
vt 0.537091 0.169708
vt 0.424803 0.171168
vt 0.424819 0.131075
vt 0.424826 0.115020
vt 0.427632 0.067373
vt 0.425723 0.090130
vt 0.459562 0.083959
vt 0.460417 0.065640
vt 0.137231 0.672594
vt 0.145928 0.671089
vt 0.149946 0.685049
vt 0.428300 0.091996
vt 0.532823 0.084872
vt 0.598530 0.947481
vt 0.593318 0.939117
vt 0.391799 0.589355
vt 0.397375 0.597314
vt 0.391626 0.603393
vt 0.478187 0.298867
vt 0.478495 0.315521
vt 0.408596 0.340976
vt 0.406054 0.325696
vt 0.276596 0.080454
vt 0.280699 0.074535
vt 0.267985 0.037554
vt 0.178823 0.845553
vt 0.180969 0.879588
vt 0.155198 0.877544
vt 0.283202 0.443787
vt 0.280817 0.454800
vt 0.271982 0.438085
vt 0.887134 0.857965
vt 0.863856 0.868887
vt 0.854624 0.868899
vt 0.856610 0.858006
vt 0.334076 0.624822
vt 0.342068 0.624713
vt 0.342013 0.641350
vt 0.334162 0.641512
vt 0.422667 0.338384
vt 0.325292 0.359451
vt 0.325717 0.346211
vt 0.419607 0.322021
vt 0.352155 0.424576
vt 0.341905 0.432095
vt 0.354939 0.408937
vt 0.331280 0.620883
vt 0.331244 0.644036
vt 0.317503 0.644036
vt 0.317503 0.627074
vt 0.305960 0.804227
vt 0.311514 0.803993
vt 0.311801 0.831332
vt 0.306324 0.833588
vt 0.878848 0.618756
vt 0.917657 0.857924
vt 0.856582 0.795984
vt 0.856509 0.632607
vt 0.856502 0.618786
vt 0.710385 0.405147
vt 0.711335 0.389307
vt 0.723880 0.395506
vt 0.283917 0.264108
vt 0.233905 0.226456
vt 0.287094 0.346470
vt 0.311301 0.344814
vt 0.300064 0.804451
vt 0.300265 0.834923
vt 0.863927 0.507695
vt 0.900887 0.482507
vt 0.922516 0.482641
vt 0.925906 0.508079
vt 0.307803 0.625365
vt 0.314992 0.625216
vt 0.315078 0.641907
vt 0.307889 0.642056
vt 0.017125 0.612481
vt 0.095910 0.608753
vt 0.295315 0.804419
vt 0.295062 0.835437
vt 0.534548 0.879736
vt 0.610362 0.883886
vt 0.609236 0.966879
vt 0.609042 0.981176
vt 0.533228 0.977025
vt 0.299288 0.620493
vt 0.300510 0.621192
vt 0.299348 0.632135
vt 0.072666 0.841784
vt 0.084208 0.860448
vt 0.081557 0.861445
vt 0.073642 0.849490
vt 0.467677 0.876722
vt 0.466423 0.973883
vt 0.297162 0.881082
vt 0.297178 0.911404
vt 0.261860 0.911481
vt 0.229840 0.911551
vt 0.227246 0.881234
vt 0.244725 0.881196
vt 0.262204 0.881158
vt 0.277846 0.568082
vt 0.301861 0.546132
vt 0.367431 0.549908
vt 0.561186 0.213079
vt 0.562287 0.204359
vt 0.609097 0.203797
vt 0.608499 0.211602
vt 0.422856 0.321669
vt 0.467233 0.307598
vt 0.487088 0.306030
vt 0.420116 0.326996
vt 0.300572 0.581631
vt 0.296231 0.360804
vt 0.303417 0.344741
vt 0.394955 0.328871
vt 0.400543 0.336164
vt 0.371773 0.342960
vt 0.303468 0.359095
vt 0.298528 0.464643
vt 0.298795 0.481429
vt 0.287652 0.469451
vt 0.316170 0.467598
vt 0.316439 0.483762
vt 0.328053 0.455601
vt 0.328273 0.473908
vt 0.341746 0.451459
vt 0.878704 0.511548
vt 0.917709 0.490044
vt 0.017504 0.626141
vt 0.017596 0.616981
vt 0.139635 0.620835
vt 0.150771 0.626141
vt 0.081384 0.865879
vt 0.017672 0.607938
vt 0.123632 0.611868
vt 0.139160 0.612438
vt 0.080068 0.865002
vt 0.079961 0.862247
vt 0.073646 0.853068
vt 0.084900 0.572832
vt 0.085189 0.512741
vt 0.189626 0.516834
vt 0.186002 0.541168
vt 0.188673 0.558398
vt 0.203988 0.575190
vt 0.202978 0.527444
vt 0.194895 0.521672
vt 0.182291 0.528765
vt 0.182685 0.514935
vt 0.208291 0.516116
vt 0.211185 0.524345
vt 0.210361 0.559211
vt 0.401108 0.466263
vt 0.409538 0.480327
vt 0.405842 0.483537
vt 0.399825 0.473938
vt 0.409486 0.504188
vt 0.403835 0.514843
vt 0.401405 0.505275
vt 0.404967 0.500226
vt 0.392133 0.515110
vt 0.395607 0.504139
vt 0.395473 0.467727
vt 0.396371 0.475211
vt 0.388674 0.478763
vt 0.392768 0.483036
vt 0.465911 0.552457
vt 0.428074 0.552133
vt 0.428255 0.545314
vt 0.466090 0.545746
vt 0.164094 0.784289
vt 0.144164 0.678882
vt 0.146594 0.676966
vt 0.166628 0.782283
vt 0.160253 0.623242
vt 0.027462 0.628178
vt 0.029388 0.620289
vt 0.160189 0.616360
vt 0.550502 0.059724
vt 0.551101 0.075380
vt 0.459954 0.083805
vt 0.459419 0.065218
vt 0.072445 0.639303
vt 0.078991 0.640138
vt 0.078378 0.659504
vt 0.072928 0.655752
vt 0.536326 0.188433
vt 0.426298 0.192405
vt 0.535576 0.199173
vt 0.437481 0.204976
vt 0.428349 0.205516
vt 0.317413 0.536600
vt 0.314556 0.560293
vt 0.265792 0.550983
vt 0.268539 0.530211
vt 0.343178 0.487189
vt 0.359204 0.449400
vt 0.366994 0.449089
vt 0.362482 0.501989
vt 0.315467 0.506100
vt 0.223487 0.119734
vt 0.244293 0.141613
vt 0.253657 0.140256
vt 0.248136 0.115911
vt 0.220713 0.142422
vt 0.562953 0.193060
vt 0.563619 0.173383
vt 0.610837 0.181775
vt 0.610220 0.189725
vt 0.550592 0.114178
vt 0.592401 0.113380
vt 0.603067 0.146435
vt 0.600315 0.184071
vt 0.553097 0.175679
vt 0.560291 0.080688
vt 0.560257 0.097364
vt 0.574523 0.097671
vt 0.573253 0.088253
vt 0.567126 0.057430
vt 0.556836 0.056796
vt 0.206286 0.200312
vt 0.200220 0.198342
vt 0.197670 0.188121
vt 0.197985 0.182750
vt 0.208669 0.183513
vt 0.184244 0.355667
vt 0.180574 0.354758
vt 0.181742 0.373294
vt 0.270069 0.518443
vt 0.271767 0.474924
vt 0.289851 0.500714
vt 0.264080 0.562392
vt 0.290541 0.582243
vt 0.122770 0.655817
vt 0.110911 0.653780
vt 0.042358 0.646357
vt 0.042714 0.628360
vt 0.121029 0.639714
vt 0.122150 0.806026
vt 0.139209 0.807810
vt 0.146132 0.871828
vt 0.214916 0.877255
vt 0.286074 0.877918
vt 0.285935 0.918813
vt 0.235167 0.918340
vt 0.046235 0.200589
vt 0.082619 0.201199
vt 0.071390 0.222197
vt 0.052028 0.221596
vt 0.116982 0.205767
vt 0.116922 0.223610
vt 0.364562 0.878649
vt 0.364423 0.919545
vt 0.380126 0.564069
vt 0.229543 0.214475
vt 0.252890 0.239349
vt 0.244236 0.191097
vt 0.227726 0.201344
vt 0.645751 0.179341
vt 0.647971 0.134362
vt 0.625416 0.141985
vt 0.624455 0.188225
vt 0.605359 0.196191
vt 0.609207 0.136541
vt 0.591272 0.117390
vt 0.555844 0.181929
vt 0.558065 0.215922
vt 0.441223 0.669715
vt 0.437723 0.674563
vt 0.390153 0.611734
vt 0.446580 0.667282
vt 0.354828 0.526695
vt 0.380835 0.553909
vt 0.376374 0.570369
vt 0.363368 0.583018
vt 0.353730 0.565151
vt 0.336330 0.532890
vt 0.352398 0.580074
vt 0.339962 0.566042
vt 0.516251 0.939972
vt 0.518354 0.932982
vt 0.160498 0.641708
vt 0.022647 0.645985
vt 0.650532 0.162691
vt 0.575174 0.209387
vt 0.603285 0.131266
vt 0.579354 0.111156
vt 0.553422 0.161243
vt 0.618826 0.127911
vt 0.371879 0.883763
vt 0.371907 0.911346
vt 0.221762 0.910586
vt 0.221743 0.884323
vt 0.390310 0.907888
vt 0.360730 0.905869
vt 0.355142 0.886761
vt 0.376484 0.881574
vt 0.308464 0.876195
vt 0.378526 0.881866
vt 0.384495 0.906198
vt 0.308550 0.906914
vt 0.212510 0.911371
vt 0.224306 0.901223
vt 0.307108 0.901264
vt 0.307298 0.910457
vt 0.342209 0.607657
vt 0.351932 0.608353
vt 0.351932 0.623827
vt 0.295437 0.093554
vt 0.289945 0.100942
vt 0.305979 0.110813
vt 0.316557 0.097567
vt 0.334845 0.084705
vt 0.326586 0.109835
vt 0.339048 0.100234
vt 0.346286 0.062996
vt 0.354650 0.061785
vt 0.365478 0.022604
vt 0.356663 0.022886
vt 0.985078 0.539302
vt 0.990786 0.554382
vt 0.992381 0.578140
vt 0.989292 0.599260
vt 0.983767 0.612597
vt 0.974338 0.620509
vt 0.974338 0.531464
vt 0.079995 0.174149
vt 0.117087 0.176620
vt 0.116982 0.207937
vt 0.082619 0.203369
vt 0.335766 0.947386
vt 0.336023 0.989131
vt 0.287411 0.984591
vt 0.287406 0.946076
vt 0.335966 0.946775
vt 0.410731 0.948800
vt 0.410437 0.992872
vt 0.336223 0.988520
vt 0.296793 0.978078
vt 0.251534 0.979849
vt 0.251426 0.960690
vt 0.296685 0.958919
vt 0.262212 0.984571
vt 0.262379 0.946057
vt 0.287329 0.946733
vt 0.287161 0.985247
vt 0.210027 0.980554
vt 0.221757 0.961178
vt 0.000000 0.000000
vt 0.118364 0.180642
vt 0.118405 0.177063
vt 0.359074 0.814101
vt 0.234979 0.812828
vt 0.233149 0.807605
vt 0.364228 0.808668
vt 0.284374 0.824960
vt 0.365935 0.821488
vt 0.367516 0.827363
vt 0.283191 0.831216
vt 0.243451 0.817605
vt 0.288182 0.818062
vt 0.290860 0.821679
vt 0.241584 0.822776
vt 0.363561 0.825799
vt 0.366790 0.827476
vt 0.221360 0.819854
vt 0.314094 0.825397
vt 0.316267 0.830480
vt 0.219323 0.824870
vt 0.285748 0.829125
vt 0.323380 0.808546
vt 0.323355 0.813231
vt 0.285723 0.833810
vt 0.243096 0.826866
vt 0.243070 0.831552
vt 0.308171 0.812282
vt 0.352118 0.814838
vt 0.351988 0.827155
vt 0.308041 0.824599
vt 0.205080 0.808429
vt 0.205055 0.813115
vt 0.368551 0.828840
vt 0.368421 0.841157
vt 0.204299 0.811383
vt 0.308222 0.812282
vt 0.204118 0.823700
vt 0.735203 0.346538
vt 0.733067 0.390926
vt 0.728594 0.391669
vt 0.729698 0.347268
vt 0.375215 0.819765
vt 0.390588 0.814125
vt 0.391597 0.824225
vt 0.376224 0.829865
vt 0.259888 0.813635
vt 0.266381 0.815807
vt 0.267390 0.825906
vt 0.256576 0.829406
vt 0.227664 0.821334
vt 0.227941 0.805647
vt 0.348434 0.814916
vt 0.347370 0.827366
vt 0.749920 0.481481
vt 0.749938 0.478637
vt 0.774048 0.478382
vt 0.774151 0.481377
vt 0.342209 0.641875
vt 0.351932 0.639302
vt 0.299228 0.608850
vt 0.307716 0.608674
vt 0.314906 0.608526
vt 0.333990 0.608131
vt 0.341840 0.607969
vt 0.873088 0.868874
vt 0.758008 0.301602
vt 0.760634 0.295059
vt 0.763452 0.315419
vt 0.758961 0.314687
vt 0.711555 0.297822
vt 0.714197 0.312807
vt 0.733955 0.396221
vt 0.768853 0.392271
vt 0.768995 0.395669
vt 0.728150 0.396308
vt 0.704284 0.391179
vt 0.703655 0.395941
vt 0.761424 0.369677
vt 0.767680 0.353571
vt 0.772969 0.362321
vt 0.768970 0.383263
vt 0.709437 0.302277
vt 0.697496 0.351687
vt 0.697557 0.368322
vt 0.728146 0.402182
vt 0.703650 0.401816
vt 0.733945 0.402104
vt 0.769007 0.400490
vt 0.733370 0.354991
vt 0.733162 0.395897
vt 0.701999 0.397524
vt 0.702957 0.353665
vt 0.738324 0.395891
vt 0.738940 0.355236
vt 0.760132 0.395680
vt 0.760106 0.356078
vt 0.769609 0.355995
vt 0.768898 0.396263
vt 0.746269 0.386623
vt 0.707437 0.399013
vt 0.713104 0.367244
vt 0.751935 0.354854
vt 0.704238 0.393138
vt 0.699633 0.388390
vt 0.708002 0.357927
vt 0.713310 0.379957
vt 0.724572 0.355626
vt 0.767304 0.359354
vt 0.769433 0.373769
vt 0.707508 0.353827
vt 0.725787 0.357479
vt 0.732299 0.389691
vt 0.712873 0.386999
vt 0.707671 0.390852
vt 0.712180 0.352102
vt 0.725028 0.391145
vt 0.764718 0.392904
vt 0.754405 0.407039
vt 0.724701 0.404290
vt 0.760286 0.405213
vt 0.713038 0.399532
vt 0.714498 0.389487
vt 0.718833 0.391199
vt 0.728826 0.393013
vt 0.758334 0.395831
vt 0.788264 0.863986
vt 0.789670 0.923036
vt 0.719996 0.925147
vt 0.719849 0.865092
vt 0.725891 0.357845
vt 0.765604 0.360616
vt 0.765237 0.374006
vt 0.719879 0.924323
vt 0.788662 0.924269
vt 0.788611 0.954717
vt 0.719828 0.954771
vt 0.793134 0.955232
vt 0.720807 0.959136
vt 0.718560 0.938689
vt 0.793190 0.940657
vt 0.761964 0.385337
vt 0.703433 0.382141
vt 0.705377 0.362531
vt 0.762073 0.363401
vt 0.331246 0.605481
vt 0.317505 0.605605
vt 0.745682 0.352256
vt 0.755987 0.376615
vt 0.756164 0.398064
vt 0.743184 0.398477
vt 0.750345 0.582427
vt 0.750412 0.558447
vt 0.756301 0.544056
vt 0.755610 0.594794
vt 0.755475 0.606274
vt 0.753074 0.606338
vt 0.724645 0.607102
vt 0.729446 0.582788
vt 0.729575 0.558495
vt 0.724663 0.558376
vt 0.724672 0.534079
vt 0.725428 0.605636
vt 0.725388 0.580558
vt 0.755575 0.581603
vt 0.756172 0.604079
vt 0.748595 0.348269
vt 0.714244 0.349477
vt 0.756431 0.533953
vt 0.762829 0.395971
vt 0.776677 0.488844
vt 0.749904 0.488729
vt 0.776941 0.494371
vt 0.754329 0.493545
vt 0.749902 0.493383
vt 0.724636 0.399119
vt 0.708710 0.407264
vt 0.708710 0.345178
vt 0.763655 0.352961
vt 0.761619 0.356081
vt 0.754605 0.503037
vt 0.762115 0.513177
vt 0.766459 0.533994
vt 0.733075 0.533994
vt 0.728684 0.511388
vt 0.726708 0.379625
vt 0.726723 0.358093
vt 0.731412 0.358506
vt 0.754044 0.360498
vt 0.751709 0.388552
vt 0.729728 0.380703
vt 0.725543 0.553870
vt 0.728994 0.553930
vt 0.756325 0.554403
vt 0.988984 0.467004
vt 0.966323 0.466530
vt 0.968766 0.452963
vt 0.988158 0.451262
vt 0.989690 0.453585
vt 0.986912 0.377310
vt 0.986912 0.445219
vt 0.982004 0.443929
vt 0.980284 0.379046
vt 0.966126 0.466632
vt 0.990499 0.466632
vt 0.991224 0.453258
vt 0.988701 0.450881
vt 0.968734 0.453108
vt 0.962717 0.356241
vt 0.957134 0.336458
vt 0.924890 0.338773
vt 0.921950 0.345024
vt 0.922245 0.353125
vt 0.956767 0.338096
vt 0.962298 0.355075
vt 0.922487 0.351506
vt 0.922444 0.345551
vt 0.925210 0.338218
vt 0.892116 0.386067
vt 0.917602 0.385597
vt 0.917602 0.440252
vt 0.892116 0.440840
vt 0.922494 0.386440
vt 0.957105 0.380708
vt 0.957105 0.447522
vt 0.922337 0.444823
vt 0.891941 0.443088
vt 0.917525 0.442862
vt 0.918175 0.446066
vt 0.918175 0.381534
vt 0.921777 0.382106
vt 0.922037 0.445759
vt 0.993639 0.376065
vt 0.993639 0.447656
vt 0.987428 0.444975
vt 0.987483 0.379100
vt 0.986654 0.444535
vt 0.960325 0.444362
vt 0.958758 0.378364
vt 0.986654 0.379536
vt 0.724511 0.381444
vt 0.750680 0.389236
vt 0.711710 0.389236
vt 0.720875 0.738621
vt 0.797783 0.749006
vt 0.788264 0.863801
vt 0.736215 0.353125
vt 0.755021 0.396039
vt 0.740479 0.395863
vt 0.742031 0.390117
vt 0.725714 0.387485
vt 0.726463 0.372360
vt 0.742279 0.373626
vt 0.746676 0.356375
vt 0.753252 0.356517
vt 0.754466 0.355774
vt 0.759715 0.393491
vt 0.750854 0.369125
vt 0.750652 0.359204
vt 0.719679 0.380149
vt 0.769965 0.378539
vt 0.766645 0.388357
vt 0.711548 0.396582
vt 0.767556 0.358949
vt 0.768084 0.369949
vt 0.759783 0.370999
vt 0.759758 0.369284
vt 0.759600 0.358949
vt 0.702672 0.395616
vt 0.705111 0.378539
vt 0.730127 0.370211
vt 0.745494 0.372129
vt 0.706138 0.370193
vt 0.707979 0.370687
vt 0.748729 0.347806
vt 0.748729 0.384183
vt 0.742991 0.368261
vt 0.742636 0.362590
vt 0.734180 0.366534
vt 0.741960 0.366075
vt 0.701306 0.371426
vt 0.710918 0.394334
vt 0.709012 0.366709
vt 0.753799 0.368090
vt 0.729552 0.378220
vt 0.712375 0.372364
vt 0.733088 0.379758
vt 0.707948 0.348154
vt 0.715017 0.347630
vt 0.715458 0.390988
vt 0.708856 0.394973
vt 0.777237 0.505029
vt 0.749917 0.502625
vt 0.754065 0.502990
vt 0.752921 0.525234
vt 0.749902 0.524156
vt 0.732295 0.356818
vt 0.742238 0.371715
vt 0.715994 0.371715
vt 0.766327 0.353172
vt 0.759481 0.401074
vt 0.757485 0.395499
vt 0.763717 0.351574
vt 0.744053 0.367124
vt 0.719627 0.360565
vt 0.734974 0.361039
vt 0.735850 0.389550
vt 0.719673 0.388805
vt 0.734595 0.399186
vt 0.737800 0.394125
vt 0.734723 0.346169
vt 0.737505 0.345996
vt 0.721671 0.390626
vt 0.721671 0.364162
vt 0.729649 0.373887
vt 0.727228 0.387050
vt 0.738890 0.350859
vt 0.740962 0.375222
vt 0.734388 0.407007
vt 0.736826 0.398659
vt 0.708974 0.401074
vt 0.730652 0.389899
vt 0.730408 0.346489
vt 0.444572 0.581569
vt 0.483194 0.581134
vt 0.486477 0.548228
vt 0.445180 0.545966
vt 0.478210 0.483086
vt 0.437584 0.483086
vt 0.437595 0.478650
vt 0.478220 0.478712
vt 0.165858 0.788008
vt 0.427307 0.547785
vt 0.442337 0.546345
vt 0.442343 0.580067
vt 0.429048 0.575563
vt 0.144164 0.816383
vt 0.146223 0.820552
vt 0.423356 0.576760
vt 0.423983 0.547180
vt 0.426880 0.546690
vt 0.426118 0.577472
vt 0.469887 0.548847
vt 0.708758 0.352961
vt 0.710739 0.355909
vt 0.752994 0.350784
vt 0.721793 0.356263
vt 0.715153 0.355869
vt 0.713901 0.350784
vt 0.729365 0.355853
vt 0.721618 0.355763
vt 0.769910 0.386716
vt 0.752759 0.386491
vt 0.744034 0.376472
vt 0.743923 0.360300
vt 0.772384 0.360300
vt 0.708513 0.390806
vt 0.703750 0.366832
vt 0.714861 0.360300
vt 0.715058 0.373357
vt 0.722508 0.364281
vt 0.733554 0.364403
vt 0.733485 0.377138
vt 0.723545 0.377029
vt 0.712214 0.387902
vt 0.715770 0.375676
vt 0.718220 0.380993
vt 0.716620 0.385280
vt 0.721895 0.392209
vt 0.721895 0.356782
vt 0.730286 0.356844
vt 0.730286 0.388727
vt 0.703680 0.364772
vt 0.706600 0.377471
vt 0.767035 0.367046
vt 0.734688 0.366709
vt 0.769002 0.364772
vt 0.742623 0.378950
vt 0.734645 0.374856
vt 0.741100 0.392604
vt 0.741654 0.384421
vt 0.741320 0.400444
vt 0.727661 0.393529
vt 0.727661 0.358653
vt 0.742232 0.359560
vt 0.742232 0.392542
vt 0.720878 0.373678
vt 0.749158 0.357984
vt 0.749577 0.403780
vt 0.745316 0.397122
vt 0.744615 0.364965
vt 0.729249 0.375178
vt 0.729486 0.364128
vt 0.721514 0.363602
vt 0.718703 0.396527
vt 0.717142 0.362880
vt 0.714335 0.403780
vt 0.712754 0.356012
vt 0.721306 0.382352
vt 0.712611 0.382133
vt 0.749252 0.377918
vt 0.736015 0.379420
vt 0.744849 0.348848
vt 0.724868 0.305702
vt 0.714012 0.305702
vt 0.713937 0.303526
vt 0.724764 0.303152
vt 0.718656 0.307894
vt 0.725935 0.295436
vt 0.725935 0.313922
vt 0.703840 0.376320
vt 0.713440 0.376373
vt 0.713410 0.378523
vt 0.702672 0.378523
vt 0.749654 0.359232
vt 0.749826 0.370887
vt 0.708527 0.370444
vt 0.708448 0.360405
vt 0.579462 0.094284
vt 0.561246 0.091797
vt 0.558835 0.149190
s 0
usemtl Material.001
f 13/1/1 5/2/1 19/3/1 164/4/1
f 9/5/2 105/6/2 109/7/2 145/8/2
f 2/9/3 124/10/3 128/11/3 151/12/3
f 23/13/4 24/14/4 25/15/4 26/16/4 27/17/4 28/18/4 29/19/4 20/20/4 10/21/4 22/22/4 21/23/4
f 10/24/5 20/25/5 80/26/5 44/27/5
f 21/28/6 22/29/6 43/30/6 62/31/6
f 4/32/7 6/33/7 30/34/7 154/35/7 358/36/7 155/37/7 37/38/7 172/39/7
f 20/25/8 29/40/8 86/41/8 80/26/8
f 28/42/9 27/43/9 84/44/9 85/45/9
f 31/46/10 32/47/10 159/48/10 30/49/10
f 38/50/11 80/51/11 86/52/11 159/53/11
f 60/54/12 94/55/12 48/56/12 65/57/12
f 35/58/13 34/59/13 136/60/13
f 54/61/14 157/62/14 59/63/14 60/64/14 55/65/14
f 58/66/4 61/67/4 63/68/4 141/69/4 64/70/4
f 35/71/15 79/72/15 58/73/15 34/74/15
f 36/75/16 42/76/16 37/77/16
f 57/78/17 34/79/17 58/66/17 64/70/17
f 60/64/18 65/80/18 51/81/18 55/65/18
f 40/82/19 144/83/19 56/84/19
f 67/85/20 39/86/20 45/87/20 65/88/20
f 74/89/21 69/90/21 68/91/21
f 44/92/22 80/93/22 38/94/22
f 85/95/23 93/96/23 86/97/23
f 194/98/24 195/99/24 41/100/24 35/101/24
f 193/102/25 196/103/25 69/104/25 70/105/25
f 45/106/26 40/107/26 56/108/26 65/109/26
f 87/110/27 81/111/27 142/112/27
f 16/113/28 15/114/28 70/115/28 71/116/28
f 24/117/29 23/118/29 142/119/29 81/120/29
f 22/121/30 5/122/30 194/98/30 35/101/30 136/123/30 137/124/30 43/125/30
f 231/126/31 217/127/31 183/128/31
f 46/129/32 50/130/32 67/131/32 49/132/32
f 25/133/33 24/117/33 81/120/33 82/134/33
f 7/135/34 10/136/34 44/137/34 38/138/34
f 190/139/35 191/140/35 72/141/35 73/142/35
f 6/33/36 1/143/36 31/144/36 30/34/36
f 26/145/37 25/133/37 82/134/37 83/146/37
f 11/147/38 9/148/38 145/149/38 40/150/38 45/151/38
f 195/152/39 221/153/39 190/139/39 73/142/39 41/154/39
f 32/155/40 31/156/40 97/157/40 98/158/40
f 27/43/41 26/145/41 83/146/41 84/44/41
f 8/159/42 11/147/42 45/151/42 39/160/42
f 19/161/43 3/162/43 153/163/43 66/164/43 68/165/43 197/166/43 164/167/43
f 47/168/44 139/169/44 50/170/44
f 60/171/45 59/172/45 146/173/45 149/174/45
f 48/175/46 49/176/46 67/177/46 65/178/46
f 47/168/47 50/170/47 46/179/47
f 39/180/48 67/181/48 50/182/48 33/183/48 152/184/48 150/185/48
f 85/95/49 84/186/49 91/187/49 92/188/49 93/96/49
f 84/186/50 83/189/50 90/190/50 91/187/50
f 83/189/51 82/191/51 89/192/51 90/190/51
f 82/191/52 81/111/52 88/193/52 89/192/52
f 23/118/6 21/28/6 62/31/6 142/119/6
f 10/194/53 7/195/53 22/121/53
f 29/40/54 28/42/54 85/45/54 86/41/54
f 22/121/55 7/195/55 5/122/55
f 1/196/56 95/197/56 96/198/56 31/199/56
f 97/157/40 31/156/40 96/200/40
f 99/201/57 110/202/57 103/203/57 96/198/57 95/197/57
f 96/200/58 103/204/58 102/205/58 97/157/58
f 97/157/59 102/205/59 101/206/59 98/158/59
f 99/207/60 100/208/60 112/209/60 113/210/60 114/211/60 110/212/60
f 115/213/61 116/214/61 111/215/61 101/216/61 102/217/61 103/218/61 110/219/61
f 115/220/62 110/221/62 117/222/62 122/223/62
f 114/224/63 113/225/63 120/226/63 121/227/63
f 113/225/64 112/228/64 119/229/64 120/226/64
f 116/230/65 115/220/65 122/223/65 123/231/65
f 110/221/66 114/224/66 121/227/66 117/222/66
f 112/228/67 111/232/67 118/233/67 119/229/67
f 111/232/68 116/230/68 123/231/68 118/233/68
f 118/233/69 123/231/69 122/223/69 117/222/69 121/227/69 120/226/69 119/229/69
f 130/234/70 132/235/70 307/236/70 305/237/70
f 129/238/71 134/239/71 303/240/71 300/241/71
f 135/242/72 98/243/72 101/244/72 100/245/72
f 136/246/73 34/247/73 57/248/73 137/249/73
f 137/250/74 57/251/74 62/252/74 43/253/74
f 61/67/75 138/254/75 36/255/75 63/68/75
f 59/256/76 157/257/76 42/258/76 36/255/76 138/254/76
f 140/259/77 139/260/77 146/261/77 148/262/77
f 75/263/78 74/264/78 131/265/78 132/266/78 140/259/78 76/267/78
f 66/268/79 131/269/79 74/270/79 68/271/79
f 129/272/80 131/269/80 66/268/80
f 138/273/81 61/274/81 147/275/81 148/276/81
f 58/277/82 79/278/82 78/279/82 147/280/82 61/281/82
f 88/193/83 81/111/83 87/110/83
f 64/282/84 141/283/84 87/284/84 142/285/84
f 62/286/85 57/287/85 64/282/85 142/285/85
f 143/288/86 107/289/86 106/290/86 172/291/86 37/292/86
f 144/293/87 108/294/87 107/289/87 143/288/87
f 145/8/88 109/7/88 108/294/88 144/293/88 40/295/88
f 148/276/89 146/173/89 59/172/89 138/273/89
f 147/296/90 78/297/90 77/298/90 140/259/90
f 149/299/91 146/261/91 139/260/91 47/300/91
f 148/262/81 147/296/81 140/259/81
f 150/301/92 126/302/92 125/303/92 8/304/92 39/305/92
f 151/12/93 128/11/93 127/306/93 152/307/93 33/308/93
f 152/307/94 127/306/94 126/302/94 150/301/94
f 66/309/95 153/310/95 166/311/95 168/312/95
f 130/313/96 133/314/96 151/315/96 33/316/96
f 133/314/97 12/317/97 2/318/97 151/315/97
f 153/310/95 3/319/95 167/320/95 166/311/95
f 140/259/98 132/266/98 50/321/98 139/260/98
f 50/322/99 132/323/99 130/324/99 33/325/99
f 154/326/100 91/327/100 90/328/100 358/329/100
f 155/330/101 89/331/101 88/332/101 36/333/101 37/334/101
f 156/335/102 53/336/102 52/337/102 56/84/102
f 56/84/103 144/83/103 143/338/103 156/335/103
f 42/339/104 157/340/104 54/341/104 53/342/104 271/343/104
f 37/344/105 271/343/105 53/342/105 156/345/105 143/346/105
f 51/81/106 65/80/106 56/347/106 52/348/106
f 158/349/107 32/350/107 98/243/107 135/242/107
f 159/48/108 32/47/108 38/351/108
f 30/352/109 92/353/109 91/354/109 154/355/109
f 93/356/110 92/353/110 30/352/110 159/53/110
f 159/53/111 86/52/111 93/356/111
f 162/357/112 32/358/112 158/359/112 161/360/112
f 38/361/113 32/362/113 162/363/113 163/364/113
f 160/365/114 163/366/114 162/367/114 161/368/114
f 38/369/115 163/370/115 160/371/115 7/372/115
f 196/103/116 14/373/116 164/374/116 197/375/116
f 70/376/117 69/90/117 74/89/117 75/377/117
f 75/377/118 76/378/118 71/379/118 70/376/118
f 72/380/119 71/379/119 76/378/119 77/381/119
f 77/381/120 78/382/120 72/380/120
f 73/383/121 72/380/121 78/382/121 79/384/121
f 35/385/122 41/386/122 73/383/122 79/384/122
f 14/387/123 15/388/123 16/389/123 17/390/123 18/391/123 13/392/123 164/393/123
f 134/394/124 165/395/124 12/396/124 133/397/124
f 166/398/125 170/399/125 169/400/125 168/401/125
f 166/402/126 167/403/126 171/404/126 170/405/126
f 165/406/127 134/407/127 170/408/127 171/409/127
f 129/410/128 66/411/128 168/412/128 169/413/128
f 134/407/129 129/414/129 169/415/129 170/408/129
f 3/416/130 165/416/130 171/416/130 167/416/130
f 172/291/131 106/290/131 104/417/131 4/418/131
f 54/419/132 55/420/132 177/421/132 176/422/132
f 52/423/133 53/424/133 175/425/133 174/426/133
f 55/427/134 51/428/134 173/429/134 177/430/134
f 53/431/135 54/419/135 176/422/135 175/432/135
f 51/433/136 52/434/136 174/435/136 173/436/136
f 48/437/137 94/438/137 182/439/137 180/440/137
f 49/441/138 48/437/138 180/440/138 181/442/138
f 149/443/139 47/444/139 179/445/139 183/446/139
f 46/447/140 49/441/140 181/442/140 178/448/140
f 47/444/141 46/449/141 178/450/141 179/445/141
f 94/451/142 149/452/142 183/446/142 182/453/142
f 177/454/143 173/455/143 180/456/143 182/457/143
f 108/458/144 109/459/144 189/460/144 188/461/144
f 106/462/145 107/463/145 187/464/145 186/465/145
f 105/466/146 185/467/146 189/468/146 109/469/146
f 107/463/147 108/458/147 188/461/147 187/464/147
f 184/470/148 104/471/148 106/472/148 186/473/148
f 69/474/149 196/103/149 197/375/149 68/475/149
f 13/476/150 18/477/150 190/139/150 221/153/150 195/152/150
f 18/477/35 17/478/35 191/140/35 190/139/35
f 15/479/151 14/480/151 196/103/151 193/102/151
f 5/122/152 13/481/152 195/99/152 194/98/152
f 125/303/153 126/302/153 200/302/153 199/303/153
f 128/11/154 124/10/154 198/10/154 202/11/154
f 126/302/155 127/306/155 201/306/155 200/302/155
f 127/306/156 128/11/156 202/11/156 201/306/156
f 175/482/157 176/483/157 186/484/157 187/485/157
f 174/486/158 175/482/158 187/485/158 188/487/158
f 203/488/159 173/455/159 174/489/159 206/490/159
f 180/456/160 173/455/160 203/488/160 204/491/160
f 181/492/161 180/456/161 204/491/161 205/493/161
f 189/494/162 208/495/162 206/496/162 188/497/162
f 206/498/163 174/486/163 188/487/163
f 207/499/164 208/495/164 189/494/164 185/500/164
f 205/493/165 204/491/165 210/501/165 211/502/165
f 204/491/166 203/488/166 209/503/166 210/501/166
f 203/488/167 206/490/167 208/504/167 209/503/167
f 212/505/168 209/506/168 208/507/168 207/508/168
f 210/509/169 209/506/169 212/505/169 213/510/169
f 211/511/170 210/509/170 213/510/170 214/512/170
f 199/513/171 200/514/171 211/511/171 214/512/171
f 178/515/172 181/516/172 216/517/172 215/518/172
f 205/519/173 216/517/173 181/516/173
f 211/520/174 200/521/174 216/517/174 205/519/174
f 201/522/175 215/523/175 216/524/175 200/525/175
f 179/526/176 178/527/176 260/528/176 228/529/176
f 202/530/177 220/531/177 215/523/177 201/522/177
f 219/532/178 220/533/178 202/534/178 198/535/178
f 311/536/179 310/537/179 314/538/179 339/539/179 342/540/179 315/541/179
f 192/542/180 217/543/180 218/544/180 226/545/180
f 227/546/181 228/547/181 260/548/181 220/533/181 219/532/181
f 218/549/182 217/550/182 231/551/182 230/552/182
f 230/553/183 231/554/183 179/555/183 229/556/183
f 229/557/184 179/558/184 228/559/184 227/560/184
f 17/561/185 16/113/185 71/116/185 72/562/185
f 182/563/186 232/564/186 233/565/186 237/566/186
f 234/567/187 235/568/187 263/569/187 264/570/187
f 234/567/188 264/570/188 262/571/188 269/572/188 223/573/188 236/574/188
f 222/575/189 236/574/189 223/573/189 316/576/189 237/577/189
f 239/578/190 224/579/190 233/580/190 232/581/190
f 232/582/191 183/128/191 217/127/191 192/583/191
f 235/568/192 222/575/192 237/577/192 261/584/192 263/569/192
f 183/128/193 232/582/193 182/585/193
f 184/470/194 186/473/194 176/586/194 240/587/194
f 240/587/195 176/586/195 241/588/195 280/589/195 242/590/195
f 223/591/196 243/592/196 247/593/196
f 245/594/197 311/536/197 315/541/197 312/595/197
f 280/589/198 281/596/198 287/596/198 284/589/198
f 243/597/199 223/598/199 269/599/199 270/600/199
f 244/601/200 246/602/200 281/603/200 247/604/200 243/605/200 270/606/200
f 224/579/201 225/607/201 261/608/201 237/609/201 233/580/201
f 236/610/202 222/611/202 248/612/202 252/613/202 251/614/202
f 258/615/203 251/616/203 252/617/203 259/618/203
f 235/619/204 234/620/204 258/621/204 259/622/204 249/623/204
f 235/624/205 249/625/205 253/626/205 255/627/205 254/628/205
f 248/629/206 222/630/206 250/631/206 257/632/206 256/633/206
f 222/634/207 235/635/207 254/636/207 250/637/207
f 248/638/208 256/639/208 253/640/208 249/641/208
f 257/642/209 250/637/209 254/636/209 255/643/209
f 257/644/210 255/645/210 253/646/210 256/647/210
f 234/648/211 236/649/211 251/650/211 258/651/211
f 249/652/212 259/653/212 252/654/212 248/655/212
f 231/656/213 183/657/213 179/658/213
f 226/545/214 239/659/214 232/660/214 192/661/214
f 182/563/215 237/566/215 308/662/215 177/454/215
f 237/663/216 316/664/216 328/665/216 327/666/216 310/667/216 311/668/216 245/669/216 308/670/216
f 260/528/217 178/527/217 215/671/217 220/672/217
f 261/608/218 225/607/218 266/607/218 267/608/218
f 351/673/219 353/674/219 357/674/219 356/673/219
f 262/675/220 261/676/220 267/677/220 268/678/220
f 244/679/221 270/680/221 268/681/221 348/682/221 265/683/221
f 268/678/222 270/684/222 269/685/222
f 269/685/223 262/675/223 268/678/223
f 272/686/224 274/687/224 277/688/224 275/689/224
f 42/690/225 271/691/225 274/692/225 272/693/225
f 271/691/226 37/694/226 273/695/226 274/692/226
f 37/694/227 42/690/227 272/693/227 273/695/227
f 277/688/228 276/696/228 275/689/228
f 274/697/229 273/698/229 278/699/229
f 273/700/230 272/686/230 275/689/230 276/696/230
f 276/696/231 279/701/231 278/702/231 273/700/231
f 277/688/232 274/687/232 278/702/232 279/701/232
f 277/688/233 279/701/233 276/696/233
f 282/703/234 292/704/234 295/705/234 349/706/234
f 281/596/235 280/589/235 241/588/235 247/707/235
f 282/708/236 349/709/236 283/596/236 270/710/236 244/711/236
f 283/712/237 281/713/237 270/714/237
f 285/715/238 284/716/238 290/717/238 288/718/238
f 281/596/239 246/708/239 286/708/239 287/596/239
f 246/416/130 242/416/130 285/416/130 288/416/130 289/416/130 286/416/130
f 242/590/240 280/589/240 284/589/240 285/590/240
f 287/719/241 281/713/241 283/712/241
f 288/720/242 290/721/242 291/722/242 289/723/242
f 290/717/243 284/716/243 287/724/243 291/725/243
f 291/725/244 287/724/244 286/726/244 289/727/244
f 294/728/245 295/729/245 299/730/245 298/731/245
f 295/729/246 292/732/246 296/733/246 299/730/246
f 293/734/247 294/728/247 298/731/247 297/735/247
f 297/735/248 298/731/248 299/730/248 296/733/248
f 283/736/249 295/705/249 294/737/249 287/724/249
f 287/724/250 294/737/250 293/738/250 286/726/250
f 300/739/251 303/740/251 302/741/251 301/742/251
f 133/743/252 130/744/252 301/745/252 302/746/252
f 304/747/253 129/238/253 300/241/253
f 134/394/254 133/397/254 302/397/254 303/394/254
f 305/748/255 307/749/255 306/750/255 304/751/255
f 131/752/256 129/238/256 304/747/256 306/753/256
f 132/266/257 131/265/257 306/265/257 307/266/257
f 300/754/258 301/755/258 305/756/258 304/757/258
f 305/237/259 301/758/259 130/234/259
f 310/537/260 309/759/260 313/760/260 314/538/260
f 177/761/261 308/670/261 245/669/261 309/762/261 241/763/261 176/764/261
f 309/759/262 245/594/262 312/595/262 341/765/262 340/766/262 313/760/262
f 323/767/263 324/768/263 329/769/263 347/770/263 321/771/263
f 328/772/264 316/773/264 322/774/264 330/775/264
f 318/776/265 327/777/265 329/778/265 324/779/265
f 320/780/266 326/781/266 334/782/266 332/783/266
f 223/784/267 317/785/267 323/786/267 321/787/267
f 317/788/268 318/776/268 324/779/268 323/789/268
f 320/790/269 319/791/269 327/777/269 328/792/269
f 325/793/269 326/781/269 330/775/269 329/769/269
f 326/781/269 320/780/269 328/772/269 330/775/269
f 319/791/269 325/794/269 329/778/269 327/777/269
f 331/795/269 332/783/269 334/782/269 333/796/269
f 319/797/270 320/780/270 332/783/270 331/795/270
f 325/798/271 319/799/271 331/800/271 333/801/271
f 326/781/272 325/793/272 333/796/272 334/782/272
f 314/538/273 313/760/273 338/802/273 339/539/273
f 338/803/274 335/804/274 343/805/274 346/806/274
f 339/539/275 338/802/275 337/807/275 342/540/275
f 341/765/276 336/808/276 335/809/276 340/766/276
f 335/809/276 338/802/276 313/760/276 340/766/276
f 315/541/277 342/540/277 337/807/277 336/808/277 341/765/277 312/595/277
f 346/806/276 343/805/276 344/810/276 345/811/276
f 336/812/278 337/813/278 345/811/278 344/810/278
f 337/813/279 338/803/279 346/806/279 345/811/279
f 335/804/280 336/812/280 344/810/280 343/805/280
f 310/667/281 327/666/281 318/814/281 317/815/281 241/763/281 309/762/281
f 347/770/282 329/769/282 330/775/282 322/774/282
f 268/816/283 283/817/283 270/818/283
f 348/819/284 349/820/284 283/821/284 268/822/284
f 349/706/285 295/705/285 283/736/285
f 348/823/286 270/824/286 349/825/286
f 354/683/287 355/682/287 356/673/287 357/674/287
f 351/826/288 348/827/288 268/828/288 350/829/288
f 352/830/289 350/831/289 267/832/289 266/833/289
f 353/674/290 351/673/290 350/831/290 352/830/290
f 265/683/291 348/682/291 355/682/291 354/683/291
f 348/682/292 351/673/292 356/673/292 355/682/292
f 36/333/293 88/332/293 87/834/293 141/835/293 63/836/293
f 358/329/294 90/328/294 89/331/294 155/330/294
f 140/259/295 77/298/295 76/267/295
f 360/1/296 499/4/296 19/3/296 5/2/296
f 9/5/297 483/8/297 450/7/297 105/6/297
f 2/9/298 489/12/298 467/11/298 124/10/298
f 369/13/130 367/23/130 368/22/130 359/21/130 366/20/130 375/19/130 374/18/130 373/17/130 372/16/130 371/15/130 370/14/130
f 359/24/5 390/27/5 426/26/5 366/25/5
f 367/28/6 408/31/6 389/30/6 368/29/6
f 4/32/299 504/39/299 383/38/299 493/37/299 655/36/299 492/35/299 376/34/299 6/33/299
f 366/25/8 426/26/8 432/41/8 375/40/8
f 374/42/9 431/45/9 430/44/9 373/43/9
f 377/46/300 376/49/300 496/48/300 378/47/300
f 384/50/301 496/53/301 432/52/301 426/51/301
f 406/54/302 411/57/302 394/56/302 440/55/302
f 381/58/303 474/60/303 380/59/303
f 400/61/304 401/65/304 406/64/304 405/63/304 495/62/304
f 404/66/130 410/70/130 479/69/130 409/68/130 407/67/130
f 381/71/305 380/74/305 404/73/305 425/72/305
f 382/75/306 383/77/306 388/76/306
f 403/78/307 410/70/307 404/66/307 380/79/307
f 406/64/308 401/65/308 397/81/308 411/80/308
f 386/82/309 402/84/309 482/83/309
f 413/85/310 411/88/310 391/87/310 385/86/310
f 420/89/311 414/91/311 415/90/311
f 390/92/312 384/94/312 426/93/312
f 431/95/313 432/97/313 439/96/313
f 524/98/314 381/101/314 387/100/314 525/99/314
f 523/102/315 416/105/315 415/104/315 526/103/315
f 391/106/316 411/109/316 402/108/316 386/107/316
f 433/110/317 480/112/317 427/111/317
f 363/113/318 417/116/318 416/115/318 362/114/318
f 370/117/29 427/120/29 480/119/29 369/118/29
f 368/121/319 389/125/319 475/124/319 474/123/319 381/101/319 524/98/319 5/122/319
f 548/126/320 515/128/320 542/127/320
f 392/129/321 395/132/321 413/131/321 396/130/321
f 371/133/33 428/134/33 427/120/33 370/117/33
f 7/135/34 384/138/34 390/137/34 359/136/34
f 520/139/35 419/142/35 418/141/35 521/140/35
f 6/33/322 376/34/322 377/144/322 1/143/322
f 372/145/37 429/146/37 428/134/37 371/133/37
f 11/147/323 391/151/323 386/150/323 483/149/323 9/148/323
f 525/152/324 387/154/324 419/142/324 520/139/324 544/153/324
f 378/155/325 443/158/325 442/157/325 377/156/325
f 373/43/41 430/44/41 429/146/41 372/145/41
f 8/159/326 385/160/326 391/151/326 11/147/326
f 19/161/43 499/167/43 527/166/43 414/165/43 412/164/43 491/163/43 3/162/43
f 393/168/327 396/170/327 477/169/327
f 406/171/328 487/174/328 484/173/328 405/172/328
f 394/175/329 411/178/329 413/177/329 395/176/329
f 393/168/330 392/179/330 396/170/330
f 385/180/331 488/185/331 490/184/331 379/183/331 396/182/331 413/181/331
f 431/95/332 439/96/332 438/188/332 437/187/332 430/186/332
f 430/186/333 437/187/333 436/190/333 429/189/333
f 429/189/334 436/190/334 435/192/334 428/191/334
f 428/191/335 435/192/335 434/193/335 427/111/335
f 369/118/6 480/119/6 408/31/6 367/28/6
f 359/194/336 368/121/336 7/195/336
f 375/40/54 432/41/54 431/45/54 374/42/54
f 368/121/337 5/122/337 7/195/337
f 1/196/338 377/199/338 441/198/338 95/197/338
f 442/157/325 441/200/325 377/156/325
f 99/201/339 95/197/339 441/198/339 446/203/339 451/202/339
f 441/200/340 442/157/340 445/205/340 446/204/340
f 442/157/341 443/158/341 444/206/341 445/205/341
f 99/207/342 451/212/342 455/211/342 454/210/342 453/209/342 100/208/342
f 456/213/343 451/219/343 446/218/343 445/217/343 444/216/343 452/215/343 457/214/343
f 456/220/344 463/223/344 458/222/344 451/221/344
f 455/224/345 462/227/345 461/226/345 454/225/345
f 454/225/346 461/226/346 460/229/346 453/228/346
f 457/230/347 464/231/347 463/223/347 456/220/347
f 451/221/348 458/222/348 462/227/348 455/224/348
f 453/228/349 460/229/349 459/233/349 452/232/349
f 452/232/350 459/233/350 464/231/350 457/230/350
f 459/233/351 460/229/351 461/226/351 462/227/351 458/222/351 463/223/351 464/231/351
f 469/234/352 606/237/352 608/236/352 471/235/352
f 468/238/353 601/241/353 604/240/353 473/239/353
f 135/242/354 100/245/354 444/244/354 443/243/354
f 474/246/355 475/249/355 403/248/355 380/247/355
f 475/250/356 389/253/356 408/252/356 403/251/356
f 407/67/357 409/68/357 382/255/357 476/254/357
f 405/256/358 476/254/358 382/255/358 388/258/358 495/257/358
f 478/259/359 486/262/359 484/261/359 477/260/359
f 421/263/360 422/267/360 478/259/360 471/266/360 470/265/360 420/264/360
f 412/268/361 414/271/361 420/270/361 470/269/361
f 468/272/362 412/268/362 470/269/362
f 476/273/363 486/276/363 485/275/363 407/274/363
f 404/277/364 407/281/364 485/280/364 424/279/364 425/278/364
f 434/193/365 433/110/365 427/111/365
f 410/282/366 480/285/366 433/284/366 479/283/366
f 408/286/367 480/285/367 410/282/367 403/287/367
f 481/288/368 383/292/368 504/291/368 447/290/368 448/289/368
f 482/293/369 481/288/369 448/289/369 449/294/369
f 483/8/370 386/295/370 482/293/370 449/294/370 450/7/370
f 486/276/371 476/273/371 405/172/371 484/173/371
f 485/296/372 478/259/372 423/298/372 424/297/372
f 487/299/373 393/300/373 477/260/373 484/261/373
f 486/262/363 478/259/363 485/296/363
f 488/301/374 385/305/374 8/304/374 125/303/374 465/302/374
f 489/12/93 379/308/93 490/307/93 466/306/93 467/11/93
f 490/307/375 488/301/375 465/302/375 466/306/375
f 412/309/95 501/312/95 500/311/95 491/310/95
f 469/313/376 379/316/376 489/315/376 472/314/376
f 472/314/377 489/315/377 2/318/377 12/317/377
f 491/310/95 500/311/95 167/320/95 3/319/95
f 478/259/378 477/260/378 396/321/378 471/266/378
f 396/322/379 379/325/379 469/324/379 471/323/379
f 492/326/380 655/329/380 436/328/380 437/327/380
f 493/330/381 383/334/381 382/333/381 434/332/381 435/331/381
f 494/335/382 402/84/382 398/337/382 399/336/382
f 402/84/383 494/335/383 481/338/383 482/83/383
f 388/339/384 581/343/384 399/342/384 400/341/384 495/340/384
f 383/344/385 481/346/385 494/345/385 399/342/385 581/343/385
f 397/81/386 398/348/386 402/347/386 411/80/386
f 158/349/387 135/242/387 443/243/387 378/350/387
f 496/48/388 384/351/388 378/47/388
f 376/352/389 492/355/389 437/354/389 438/353/389
f 439/356/390 496/53/390 376/352/390 438/353/390
f 496/53/391 439/356/391 432/52/391
f 497/357/392 161/360/392 158/359/392 378/358/392
f 384/361/393 498/364/393 497/363/393 378/362/393
f 160/365/394 161/368/394 497/367/394 498/366/394
f 384/369/395 7/372/395 160/371/395 498/370/395
f 526/103/396 527/375/396 499/374/396 361/373/396
f 416/376/397 421/377/397 420/89/397 415/90/397
f 421/377/398 416/376/398 417/379/398 422/378/398
f 418/380/399 423/381/399 422/378/399 417/379/399
f 423/381/400 418/380/400 424/382/400
f 419/383/401 425/384/401 424/382/401 418/380/401
f 381/385/402 425/384/402 419/383/402 387/386/402
f 361/387/403 499/393/403 360/392/403 365/391/403 364/390/403 363/389/403 362/388/403
f 473/394/404 472/397/404 12/396/404 165/395/404
f 500/398/405 501/401/405 502/400/405 503/399/405
f 500/402/406 503/405/406 171/404/406 167/403/406
f 165/406/407 171/409/407 503/408/407 473/407/407
f 468/410/408 502/413/408 501/412/408 412/411/408
f 473/407/409 503/408/409 502/415/409 468/414/409
f 504/291/410 4/418/410 104/417/410 447/290/410
f 400/419/411 508/422/411 509/421/411 401/420/411
f 398/423/412 506/426/412 507/425/412 399/424/412
f 401/427/413 509/430/413 505/429/413 397/428/413
f 399/431/414 507/432/414 508/422/414 400/419/414
f 397/433/415 505/436/415 506/435/415 398/434/415
f 394/437/416 512/440/416 514/439/416 440/438/416
f 395/441/417 513/442/417 512/440/417 394/437/417
f 487/443/418 515/446/418 511/445/418 393/444/418
f 392/447/419 510/448/419 513/442/419 395/441/419
f 393/444/420 511/445/420 510/450/420 392/449/420
f 440/451/421 514/453/421 515/446/421 487/452/421
f 509/454/422 514/457/422 512/456/422 505/455/422
f 449/458/423 518/461/423 519/460/423 450/459/423
f 447/462/424 516/465/424 517/464/424 448/463/424
f 105/466/425 450/469/425 519/468/425 185/467/425
f 448/463/426 517/464/426 518/461/426 449/458/426
f 184/470/427 516/473/427 447/472/427 104/471/427
f 415/474/428 414/475/428 527/375/428 526/103/428
f 360/476/429 525/152/429 544/153/429 520/139/429 365/477/429
f 365/477/35 520/139/35 521/140/35 364/478/35
f 362/479/430 523/102/430 526/103/430 361/480/430
f 5/122/431 524/98/431 525/99/431 360/481/431
f 125/303/432 528/303/432 529/302/432 465/302/432
f 467/11/433 531/11/433 198/10/433 124/10/433
f 465/302/434 529/302/434 530/306/434 466/306/434
f 466/306/435 530/306/435 531/11/435 467/11/435
f 507/482/436 517/485/436 516/484/436 508/483/436
f 506/486/437 518/487/437 517/485/437 507/482/437
f 532/488/438 535/490/438 506/489/438 505/455/438
f 512/456/439 533/491/439 532/488/439 505/455/439
f 513/492/440 534/493/440 533/491/440 512/456/440
f 519/494/441 518/497/441 535/496/441 536/495/441
f 535/498/442 518/487/442 506/486/442
f 207/499/443 185/500/443 519/494/443 536/495/443
f 534/493/444 539/502/444 538/501/444 533/491/444
f 533/491/445 538/501/445 537/503/445 532/488/445
f 532/488/446 537/503/446 536/504/446 535/490/446
f 212/505/447 207/508/447 536/507/447 537/506/447
f 538/509/448 213/510/448 212/505/448 537/506/448
f 539/511/449 214/512/449 213/510/449 538/509/449
f 528/513/450 214/512/450 539/511/450 529/514/450
f 510/515/451 540/518/451 541/517/451 513/516/451
f 534/519/452 513/516/452 541/517/452
f 539/520/453 534/519/453 541/517/453 529/521/453
f 530/522/454 529/525/454 541/524/454 540/523/454
f 511/526/455 547/529/455 572/528/455 510/527/455
f 531/530/456 530/522/456 540/523/456 543/531/456
f 219/532/457 198/535/457 531/534/457 543/533/457
f 612/536/458 616/541/458 643/540/458 640/539/458 615/538/458 611/537/458
f 522/542/459 226/545/459 218/544/459 542/543/459
f 227/546/460 219/532/460 543/533/460 572/548/460 547/547/460
f 218/549/461 230/552/461 548/551/461 542/550/461
f 230/553/462 229/556/462 511/555/462 548/554/462
f 229/557/463 227/560/463 547/559/463 511/558/463
f 364/561/464 418/562/464 417/116/464 363/113/464
f 514/563/465 554/566/465 550/565/465 549/564/465
f 551/567/466 576/570/466 575/569/466 552/568/466
f 551/567/467 553/574/467 546/573/467 579/572/467 574/571/467 576/570/467
f 545/575/468 554/577/468 617/576/468 546/573/468 553/574/468
f 239/578/469 549/581/469 550/580/469 224/579/469
f 549/582/470 522/583/470 542/127/470 515/128/470
f 552/568/471 575/569/471 573/584/471 554/577/471 545/575/471
f 515/128/472 514/585/472 549/582/472
f 184/470/473 240/587/473 508/586/473 516/473/473
f 240/587/474 242/590/474 590/589/474 556/588/474 508/586/474
f 546/591/475 559/593/475 557/592/475
f 558/594/476 613/595/476 616/541/476 612/536/476
f 590/589/477 593/589/477 594/596/477 591/596/477
f 557/597/478 580/600/478 579/599/478 546/598/478
f 244/601/479 580/606/479 557/605/479 559/604/479 591/603/479 246/602/479
f 224/579/480 550/580/480 554/609/480 573/608/480 225/607/480
f 553/610/481 563/614/481 564/613/481 560/612/481 545/611/481
f 570/615/482 571/618/482 564/617/482 563/616/482
f 552/619/483 561/623/483 571/622/483 570/621/483 551/620/483
f 552/624/484 566/628/484 567/627/484 565/626/484 561/625/484
f 560/629/485 568/633/485 569/632/485 562/631/485 545/630/485
f 545/634/486 562/637/486 566/636/486 552/635/486
f 560/638/487 561/641/487 565/640/487 568/639/487
f 569/642/488 567/643/488 566/636/488 562/637/488
f 569/644/489 568/647/489 565/646/489 567/645/489
f 551/648/490 570/651/490 563/650/490 553/649/490
f 561/652/491 560/655/491 564/654/491 571/653/491
f 548/656/492 511/658/492 515/657/492
f 226/545/493 522/661/493 549/660/493 239/659/493
f 514/563/494 509/454/494 609/662/494 554/566/494
f 554/663/495 609/670/495 558/669/495 612/668/495 611/667/495 628/666/495 629/665/495 617/664/495
f 572/528/496 543/672/496 540/671/496 510/527/496
f 573/608/497 577/608/497 266/607/497 225/607/497
f 652/673/498 654/673/498 357/674/498 353/674/498
f 574/675/499 578/678/499 577/677/499 573/676/499
f 244/679/500 265/683/500 649/682/500 578/681/500 580/680/500
f 578/678/501 579/685/501 580/684/501
f 579/685/502 578/678/502 574/675/502
f 582/686/503 585/689/503 587/688/503 584/687/503
f 388/690/504 582/693/504 584/692/504 581/691/504
f 581/691/505 584/692/505 583/695/505 383/694/505
f 383/694/506 583/695/506 582/693/506 388/690/506
f 587/688/507 585/689/507 586/696/507
f 584/697/508 588/699/508 583/698/508
f 583/700/509 586/696/509 585/689/509 582/686/509
f 586/696/510 583/700/510 588/702/510 589/701/510
f 587/688/511 589/701/511 588/702/511 584/687/511
f 587/688/512 586/696/512 589/701/512
f 282/703/513 650/706/513 598/705/513 292/704/513
f 591/596/514 559/707/514 556/588/514 590/589/514
f 282/708/515 244/711/515 580/710/515 592/596/515 650/709/515
f 592/712/516 580/714/516 591/713/516
f 285/715/517 288/718/517 595/717/517 593/716/517
f 591/596/518 594/596/518 286/708/518 246/708/518
f 242/590/519 285/590/519 593/589/519 590/589/519
f 594/719/520 592/712/520 591/713/520
f 288/720/521 289/723/521 596/722/521 595/721/521
f 595/717/522 596/725/522 594/724/522 593/716/522
f 596/725/523 289/727/523 286/726/523 594/724/523
f 597/728/524 599/731/524 600/730/524 598/729/524
f 598/729/525 600/730/525 296/733/525 292/732/525
f 293/734/526 297/735/526 599/731/526 597/728/526
f 297/735/527 296/733/527 600/730/527 599/731/527
f 592/736/528 594/724/528 597/737/528 598/705/528
f 594/724/529 286/726/529 293/738/529 597/737/529
f 601/739/530 602/742/530 603/741/530 604/740/530
f 472/743/531 603/746/531 602/745/531 469/744/531
f 605/747/532 601/241/532 468/238/532
f 473/394/533 604/394/533 603/397/533 472/397/533
f 606/748/534 605/751/534 607/750/534 608/749/534
f 470/752/535 607/753/535 605/747/535 468/238/535
f 471/266/536 608/266/536 607/265/536 470/265/536
f 601/754/537 605/757/537 606/756/537 602/755/537
f 606/237/538 469/234/538 602/758/538
f 611/537/539 615/538/539 614/760/539 610/759/539
f 509/761/540 508/764/540 556/763/540 610/762/540 558/669/540 609/670/540
f 610/759/541 614/760/541 641/766/541 642/765/541 613/595/541 558/594/541
f 624/767/542 622/771/542 648/770/542 630/769/542 625/768/542
f 629/772/543 631/775/543 623/774/543 617/773/543
f 619/776/544 625/779/544 630/778/544 628/777/544
f 621/780/545 633/783/545 635/782/545 627/781/545
f 546/784/546 622/787/546 624/786/546 618/785/546
f 618/788/547 624/789/547 625/779/547 619/776/547
f 621/790/548 629/792/548 628/777/548 620/791/548
f 626/793/548 630/769/548 631/775/548 627/781/548
f 627/781/548 631/775/548 629/772/548 621/780/548
f 620/791/548 628/777/548 630/778/548 626/794/548
f 632/795/548 634/796/548 635/782/548 633/783/548
f 620/797/549 632/795/549 633/783/549 621/780/549
f 626/798/550 634/801/550 632/800/550 620/799/550
f 627/781/551 635/782/551 634/796/551 626/793/551
f 615/538/552 640/539/552 639/802/552 614/760/552
f 639/803/553 647/806/553 644/805/553 636/804/553
f 640/539/554 643/540/554 638/807/554 639/802/554
f 642/765/555 641/766/555 636/809/555 637/808/555
f 636/809/555 641/766/555 614/760/555 639/802/555
f 616/541/556 613/595/556 642/765/556 637/808/556 638/807/556 643/540/556
f 647/806/555 646/811/555 645/810/555 644/805/555
f 637/812/557 645/810/557 646/811/557 638/813/557
f 638/813/558 646/811/558 647/806/558 639/803/558
f 636/804/559 644/805/559 645/810/559 637/812/559
f 611/667/560 610/762/560 556/763/560 618/815/560 619/814/560 628/666/560
f 648/770/561 623/774/561 631/775/561 630/769/561
f 578/816/562 580/818/562 592/817/562
f 649/819/563 578/822/563 592/821/563 650/820/563
f 650/706/564 592/736/564 598/705/564
f 649/823/565 650/825/565 580/824/565
f 354/683/566 357/674/566 654/673/566 653/682/566
f 652/826/567 651/829/567 578/828/567 649/827/567
f 352/830/568 266/833/568 577/832/568 651/831/568
f 353/674/569 352/830/569 651/831/569 652/673/569
f 265/683/570 354/683/570 653/682/570 649/682/570
f 649/682/571 653/682/571 654/673/571 652/673/571
f 382/333/572 409/836/572 479/835/572 433/834/572 434/332/572
f 655/329/573 493/330/573 435/331/573 436/328/573
f 478/259/574 422/267/574 423/298/574

o non-mirrored_details
v 0.318760 1.242636 2.137630
v 2.048373 1.142485 2.137630
v 0.163154 1.190474 1.679302
v 1.996780 1.274679 1.746503
v 0.356471 0.893662 1.650986
v 2.004175 0.833392 1.638484
v 0.363293 0.806553 1.950915
v 2.048373 0.806856 1.950915
v 1.623313 1.244846 2.137630
v 1.725665 1.215241 1.772758
v 1.725665 0.838111 1.688423
v 1.709617 0.806856 1.950915
v 0.657361 1.215241 1.772758
v 0.657361 0.838111 1.688423
v 0.786192 0.806856 1.950915
v 0.699888 1.244846 2.137630
v 1.771280 1.274679 1.746503
v 1.771280 0.809447 1.638484
v 0.611746 1.274679 1.746503
v 0.611746 0.809447 1.638484
v 1.091515 0.700510 1.317708
v 1.050313 0.733334 1.950915
v 1.402977 0.733757 1.950915
v 1.441853 0.736348 1.628856
v 1.421206 0.418034 1.483027
v 1.083093 0.673343 1.318517
v 1.382330 0.199065 2.006958
v 1.053435 0.199065 2.006958
v 1.378649 0.821899 1.193302
v 1.102757 0.704450 1.279322
v 1.364969 0.621720 1.150568
v 1.097971 0.681015 1.271697
v -0.187523 1.183830 1.682701
v -0.371319 1.230141 2.135938
v -0.357175 0.897565 1.657831
v -0.341448 0.810456 1.955549
v 0.327665 1.217426 1.688989
v 0.160685 1.022810 1.661060
v -0.371319 1.208550 1.693624
v -0.179534 1.022521 1.666109
v -0.133336 1.123658 1.654033
v 0.109038 1.122080 1.649683
v 0.108826 1.134153 1.653385
v -0.133268 1.129655 1.656347
v -0.187868 1.032934 1.667311
v 0.169311 1.030041 1.662145
v 0.061096 0.992679 1.635147
v -0.177266 0.909176 1.658496
v 0.160851 0.908848 1.652645
v -0.081828 0.992471 1.638838
v -0.081730 0.983628 1.638453
v 0.061212 0.983390 1.633980
v -0.161111 1.101289 1.653700
v 0.136819 1.099356 1.649341
v 0.136255 1.142659 1.653435
v -0.161057 1.137150 1.656975
v -0.099756 1.114506 1.659690
v 0.075896 1.113320 1.655516
v 0.075330 1.146641 1.663806
v -0.099660 1.143906 1.666467
v 0.164650 1.042503 1.642178
v 0.162737 1.178611 1.659335
v -0.188285 1.045396 1.647345
v -0.187939 1.171966 1.662734
v 0.082189 1.109308 1.647045
v 0.081581 1.153952 1.655334
v -0.106356 1.110897 1.651218
v -0.106253 1.150287 1.657995
v 0.133814 1.105962 1.640238
v 0.133368 1.140171 1.643472
v -0.157662 1.108041 1.644544
v -0.157622 1.134892 1.646997
v 0.111866 1.123914 1.640507
v 0.111699 1.133452 1.643432
v -0.136866 1.124790 1.644793
v -0.136815 1.129279 1.646526
v -0.177609 0.919016 1.635523
v 0.160508 0.918688 1.629672
v -0.179876 1.012296 1.643136
v 0.157821 1.012585 1.638087
v -0.065536 0.982435 1.652456
v 0.047074 0.982197 1.647984
v -0.065633 0.991277 1.652842
v 0.046958 0.991486 1.649151
v 0.047481 -1.278888 -4.120869
v 0.047481 -1.278888 -3.402538
v 1.560935 -1.278888 -4.120869
v 1.560935 -1.278888 -3.402538
v 0.047481 -1.053406 -4.268017
v 0.047481 -1.053406 -3.255390
v 1.560935 -1.053406 -4.268017
v 1.560935 -1.053406 -3.255390
v 1.049149 0.735924 1.628856
v 1.052272 0.418034 1.483027
v 1.118459 0.821621 1.193267
v 1.120528 0.621720 1.150568
v 0.706594 0.832845 1.255173
v 0.698171 0.805679 1.255981
v 0.717836 0.836786 1.216786
v 0.713050 0.813350 1.209161
vn 0.1517 0.9640 0.2184
vn -0.0121 0.2317 -0.9727
vn 0.0418 -0.9981 -0.0454
vn 0.9909 0.0558 -0.1223
vn -0.2043 -0.9777 0.0486
vn -0.0000 0.2182 -0.9759
vn -0.0000 0.9971 0.0761
vn -0.0902 0.9958 0.0140
vn 0.0909 0.1844 -0.9786
vn -0.1240 -0.9864 -0.1078
vn -0.6645 0.1664 -0.7285
vn -0.0000 -0.4041 -0.9147
vn -0.0000 0.5791 -0.8153
vn 0.6645 0.1664 -0.7285
vn -0.0000 -0.9227 -0.3856
vn -1.0000 -0.0074 0.0008
vn 0.2235 -0.9743 0.0275
vn 0.9876 -0.0084 -0.1567
vn 0.9955 -0.0563 0.0768
vn -0.0000 0.2088 -0.9780
vn -0.1359 0.0715 0.9881
vn -0.0000 -0.8527 -0.5224
vn -0.0011 0.9812 0.1929
vn -0.9978 -0.0647 0.0155
vn -0.0155 0.9985 -0.0526
vn -0.0212 0.8597 -0.5104
vn 0.0318 0.1154 -0.9928
vn -0.0382 0.1089 -0.9933
vn -0.9996 -0.0231 0.0151
vn -0.0125 0.3664 -0.9304
vn 0.0045 -0.7777 -0.6286
vn -0.9998 0.0002 0.0209
vn 0.9912 0.0415 -0.1254
vn -0.0146 -0.8491 -0.5281
vn -0.0140 0.1288 -0.9916
vn -0.0117 0.0796 -0.9968
vn 0.0002 0.0781 -0.9969
vn -0.0033 0.0708 -0.9975
vn 0.6552 0.0401 -0.7544
vn -0.0077 -0.9192 -0.3936
vn 0.9974 0.0193 -0.0698
vn -0.0068 0.9137 -0.4062
vn -0.0167 0.0658 -0.9977
vn 0.5969 -0.7365 -0.3182
vn -0.2925 0.9443 -0.1510
vn -0.0146 0.1852 -0.9826
vn -0.0200 0.2334 -0.9722
vn -0.8090 0.1106 -0.5774
vn 0.7928 0.1156 -0.5984
vn -0.0025 0.9120 -0.4101
vn 0.0223 0.1179 -0.9928
vn -0.0336 0.1142 -0.9929
vn 0.0394 0.2073 -0.9775
vn -0.0498 0.1964 -0.9793
vn -0.0680 0.1323 -0.9889
vn 0.0670 0.1400 -0.9879
vn -0.0056 0.1393 -0.9902
vn -0.0133 0.1324 -0.9911
vn 0.0308 0.1398 -0.9897
vn -0.0407 0.1324 -0.9904
vn -0.9571 0.0695 -0.2812
vn 0.9570 0.0396 -0.2872
vn 0.2555 0.9582 -0.1289
vn -0.6000 -0.7285 -0.3306
vn 0.9321 0.1212 -0.3412
vn -0.9428 0.0317 -0.3318
vn -0.0214 0.0553 -0.9982
vn -0.0181 0.1786 -0.9838
vn 0.0143 0.0928 -0.9956
vn -0.0249 0.0775 -0.9967
vn -0.0361 0.0848 -0.9957
vn -0.0008 -0.9964 -0.0848
vn -0.7049 0.0797 -0.7048
vn 0.0048 0.9964 0.0845
vn -0.0000 -1.0000 -0.0000
vn -1.0000 -0.0000 -0.0000
vn -0.0000 -0.5465 0.8375
vn -0.0000 -0.5465 -0.8375
vn 1.0000 -0.0000 -0.0000
vn -0.9903 0.0664 -0.1217
vn -0.9845 0.0498 -0.1679
vn -0.9859 0.0586 -0.1565
vn -0.9763 -0.0042 -0.2163
vn -0.9289 0.2758 -0.2472
vn -0.2802 -0.9291 -0.2413
vn 0.2400 0.2557 -0.9365
vn 0.2931 0.9386 0.1822
vt 0.740186 0.503012
vt 0.731895 0.503420
vt 0.733130 0.487829
vt 0.737406 0.488110
vt 0.743739 0.386416
vt 0.735790 0.386416
vt 0.735529 0.354384
vt 0.743742 0.352742
vt 0.735928 0.386148
vt 0.748457 0.387951
vt 0.773031 0.402620
vt 0.736404 0.402620
vt 0.772693 0.347737
vt 0.749554 0.373678
vt 0.729663 0.385247
vt 0.731481 0.385509
vt 0.723427 0.402620
vt 0.718090 0.402620
vt 0.761225 0.391379
vt 0.715199 0.391067
vt 0.715255 0.357768
vt 0.761282 0.358080
vt 0.757703 0.503136
vt 0.759402 0.488266
vt 0.764933 0.503194
vt 0.764905 0.486143
vt 0.702664 0.357569
vt 0.716484 0.350812
vt 0.716729 0.396808
vt 0.704389 0.388897
vt 0.723398 0.384346
vt 0.699777 0.402620
vt 0.767945 0.392541
vt 0.768029 0.357008
vt 0.770820 0.350812
vt 0.770898 0.397276
vt 0.719272 0.356772
vt 0.719653 0.391978
vt 0.755447 0.401257
vt 0.737177 0.401393
vt 0.707699 0.354706
vt 0.744428 0.354555
vt 0.744428 0.402281
vt 0.707699 0.397252
vt 0.747663 0.405726
vt 0.730604 0.391790
vt 0.729920 0.351792
vt 0.762409 0.351792
vt 0.728317 0.402620
vt 0.733425 0.385788
vt 0.741191 0.390938
vt 0.741752 0.349698
vt 0.764701 0.356043
vt 0.766959 0.379746
vt 0.723492 0.405186
vt 0.708277 0.349698
vt 0.718075 0.395042
vt 0.718075 0.351051
vt 0.735377 0.353401
vt 0.735355 0.394729
vt 0.764802 0.353430
vt 0.761043 0.401590
vt 0.740357 0.367412
vt 0.741920 0.366627
vt 0.769646 0.363385
vt 0.769646 0.395006
vt 0.749065 0.403412
vt 0.724328 0.403412
vt 0.728303 0.347489
vt 0.744693 0.347485
vt 0.721511 0.370778
vt 0.700178 0.351417
vt 0.778162 0.486736
vt 0.778025 0.503535
vt 0.722046 0.374623
vt 0.722031 0.374517
vt 0.720365 0.371468
vt 0.720750 0.397950
vt 0.707197 0.402409
vt 0.705085 0.348568
vt 0.749535 0.397685
vt 0.749737 0.372734
vt 0.763826 0.350722
vt 0.764643 0.402409
vt 0.723339 0.383918
vt 0.722923 0.380929
vt 0.722271 0.376242
vt 0.722253 0.376112
vt 0.722863 0.380500
vt 0.722878 0.380605
vt 0.721082 0.370282
vt 0.749061 0.370992
vt 0.748993 0.352289
vt 0.721172 0.351506
vt 0.708306 0.428469
vt 0.708279 0.428188
vt 0.723340 0.383926
vt 0.722936 0.381022
vt 0.745414 0.366849
vt 0.724791 0.365775
vt 0.715870 0.350865
vt 0.754493 0.352784
vt 0.722459 0.377593
vt 0.722558 0.378303
vt 0.722387 0.377078
vt 0.722292 0.376395
vt 0.724785 0.375711
vt 0.745341 0.375603
vt 0.754241 0.380703
vt 0.715870 0.380925
vt 0.707697 0.422011
vt 0.707970 0.424908
vt 0.707958 0.424779
vt 0.707709 0.422140
vt 0.722656 0.379009
vt 0.722638 0.378881
vt 0.718826 0.363511
vt 0.718831 0.373031
vt 0.751351 0.372894
vt 0.751426 0.365010
vt 0.721845 0.371285
vt 0.721835 0.368532
vt 0.748346 0.369775
vt 0.748325 0.371176
vt 0.722482 0.377756
vt 0.722578 0.378450
vt 0.722410 0.377243
vt 0.722313 0.376544
vt 0.727995 0.387285
vt 0.743629 0.387444
vt 0.754493 0.401628
vt 0.717501 0.401419
vt 0.743615 0.385398
vt 0.727986 0.385349
vt 0.717257 0.380950
vt 0.754187 0.380950
vt 0.708282 0.428222
vt 0.708310 0.428511
vt 0.723112 0.382289
vt 0.723117 0.382323
vt 0.723157 0.382612
vt 0.723151 0.382571
vt 0.828180 0.126927
vt 0.798666 0.126927
vt 0.798666 0.098910
vt 0.828180 0.098910
vt 0.798676 0.104801
vt 0.799705 0.119914
vt 0.794491 0.127360
vt 0.794515 0.098313
vt 0.824725 0.121132
vt 0.829795 0.127585
vt 0.825188 0.105901
vt 0.829495 0.098313
vt 0.714861 0.374371
vt 0.715600 0.371484
vt 0.712823 0.370245
vt 0.712665 0.373094
vt 0.705576 0.381571
vt 0.707598 0.358681
vt 0.741533 0.365607
vt 0.742880 0.365010
vt 0.709013 0.353430
vt 0.714931 0.403715
s 0
usemtl Material.001
f 664/837/575 657/838/575 659/839/575 672/840/575
f 672/841/576 659/842/576 661/843/576 673/844/576
f 673/845/577 661/846/577 663/847/577 667/848/577
f 657/849/578 663/847/578 661/846/578 659/850/578
f 675/851/579 748/852/579 677/853/579 670/854/579
f 668/855/580 665/856/580 666/857/580 669/858/580
f 671/859/581 664/837/581 672/840/581 674/860/581
f 656/861/582 671/859/582 674/860/582 692/862/582
f 692/863/583 674/864/583 675/865/583 660/866/583
f 660/867/584 675/851/584 670/854/584 662/868/584
f 666/869/585 665/870/585 672/871/585 673/872/585
f 665/870/586 668/873/586 674/864/586 672/871/586
f 669/874/587 666/869/587 673/872/587 679/875/587 748/876/587 675/865/587
f 668/873/588 669/874/588 675/865/588 674/864/588
f 683/877/589 749/878/589 680/879/589 682/880/589
f 677/881/590 748/882/590 749/883/590 683/884/590
f 678/885/591 679/886/591 673/845/591 667/848/591
f 679/887/592 680/888/592 686/889/592 684/890/592
f 679/887/593 678/891/593 682/892/593 680/888/593
f 750/893/594 684/894/594 686/895/594 751/896/594
f 681/897/595 676/898/595 752/899/595 753/900/595
f 680/879/596 749/878/596 751/901/596 686/902/596
f 748/903/597 679/904/597 684/905/597 750/906/597
f 694/907/598 690/867/598 691/868/598 689/908/598
f 656/861/599 692/862/599 694/909/599 689/910/599
f 688/911/600 658/912/600 717/912/600 719/911/600
f 701/913/601 658/914/601 692/915/601 660/916/601
f 688/917/602 700/918/602 690/919/602 694/920/602
f 703/921/603 695/922/603 734/922/603 732/921/603
f 658/914/604 688/917/604 694/920/604 692/915/604
f 723/923/605 721/924/605 714/924/605 715/923/605
f 700/925/606 688/911/606 719/911/606 718/925/606
f 658/912/607 701/926/607 716/926/607 717/912/607
f 701/926/608 700/925/608 718/925/608 716/926/608
f 693/927/609 695/928/609 700/918/609 701/913/609
f 703/929/610 704/930/610 660/916/610 690/919/610
f 704/930/611 693/927/611 701/913/611 660/916/611
f 695/928/612 703/929/612 690/919/612 700/918/612
f 706/931/613 705/932/613 738/932/613 736/931/613
f 704/933/614 703/921/614 732/921/614 733/933/614
f 693/934/615 704/933/615 733/933/615 735/934/615
f 695/922/616 693/934/616 735/934/616 734/922/616
f 722/935/617 720/936/617 716/937/617 718/938/617
f 696/939/618 708/940/618 726/940/618 730/939/618
f 698/941/619 710/942/619 725/942/619 729/941/619
f 721/943/620 723/944/620 719/945/620 717/946/620
f 714/947/621 713/948/621 712/949/621 715/950/621
f 721/924/622 720/951/622 713/951/622 714/924/622
f 722/952/623 723/923/623 715/923/623 712/952/623
f 720/951/624 722/952/624 712/952/624 713/951/624
f 709/953/625 710/954/625 717/946/625 716/937/625
f 711/955/626 708/956/626 718/938/626 719/945/626
f 698/957/627 697/958/627 720/936/627 721/943/627
f 696/959/628 699/960/628 723/944/628 722/935/628
f 708/956/629 696/959/629 722/935/629 718/938/629
f 697/958/630 709/953/630 716/937/630 720/936/630
f 710/954/631 698/957/631 721/943/631 717/946/631
f 699/960/632 711/955/632 719/945/632 723/944/632
f 728/961/633 729/941/633 725/942/633 724/962/633
f 731/963/634 730/939/634 726/940/634 727/964/634
f 697/961/635 698/941/635 729/941/635 728/961/635
f 710/942/636 709/962/636 724/962/636 725/942/636
f 711/964/637 699/963/637 731/963/637 727/964/637
f 709/962/638 697/961/638 728/961/638 724/962/638
f 699/963/639 696/939/639 730/939/639 731/963/639
f 708/940/640 711/964/640 727/964/640 726/940/640
f 706/965/641 707/966/641 733/967/641 732/968/641
f 702/969/642 705/970/642 734/971/642 735/972/642
f 707/966/643 702/969/643 735/972/643 733/967/643
f 705/970/644 706/965/644 732/968/644 734/971/644
f 738/932/645 739/973/645 737/974/645 736/931/645
f 705/975/646 702/976/646 739/976/646 738/975/646
f 702/973/647 707/974/647 737/974/647 739/973/647
f 707/977/648 706/978/648 736/978/648 737/977/648
f 740/979/649 742/980/649 743/981/649 741/982/649
f 740/983/650 741/984/650 745/985/650 744/986/650
f 741/984/651 743/987/651 747/988/651 745/985/651
f 742/989/652 740/983/652 744/986/652 746/990/652
f 743/987/653 742/989/653 746/990/653 747/988/653
f 676/991/654 681/992/654 749/883/654 748/882/654
f 687/993/655 685/994/655 750/995/655 751/996/655
f 685/994/656 676/991/656 748/882/656 750/995/656
f 681/992/657 687/993/657 751/996/657 749/883/657
f 753/900/658 752/899/658 754/997/658 755/998/658
f 687/999/659 681/897/659 753/900/659 755/998/659
f 685/1000/660 687/999/660 755/998/660 754/997/660
f 676/898/661 685/1000/661 754/997/661 752/899/661
o gearshifter
v -0.103243 -0.033612 0.111517
v 0.094214 -0.033612 0.116580
v 0.100542 -0.039633 -0.166947
v -0.016680 0.237907 -0.004589
v 0.021414 0.237397 -0.008119
v -0.015750 0.225381 -0.056095
v -0.021557 0.620048 -0.084453
v 0.018272 0.620048 -0.084453
v -0.002099 0.594770 -0.115232
v -0.053109 0.666024 -0.190380
v 0.043305 0.699734 -0.098522
v 0.056673 0.663395 -0.197253
v -0.041099 0.726031 -0.206964
v 0.038638 0.753664 -0.173394
v 0.025321 0.711333 -0.216284
v -0.029322 0.767740 -0.151647
v -0.018929 0.733885 -0.085954
v -0.000063 0.624697 -0.078793
v -0.004050 0.399417 -0.011441
v 0.013991 0.402209 0.020464
v -0.015325 0.402269 0.021156
v 0.075999 0.243758 0.058523
v -0.090537 -0.039633 -0.162461
v -0.136104 -0.044149 -0.116894
v -0.148810 -0.044149 0.072279
v 0.144844 -0.039633 -0.121380
v 0.138515 -0.039633 0.077342
v -0.082934 0.243758 0.054448
v -0.072707 0.243758 -0.097818
v 0.081093 0.243758 -0.101429
v 0.094939 0.105883 0.103680
v -0.105197 0.099814 0.100961
v 0.125885 0.110949 -0.119702
v -0.133206 0.110847 0.077475
v 0.101173 0.112546 -0.153388
v 0.124827 0.098078 0.079419
v -0.120499 0.121168 -0.117107
v -0.097021 0.116688 -0.143620
v 0.104738 0.171598 0.105517
v -0.133314 0.168339 0.083130
v -0.116251 0.163904 0.102909
v -0.099885 0.172345 -0.144644
v 0.111881 0.168498 -0.151218
v 0.124135 0.167280 0.089330
v -0.118596 0.169941 -0.126266
v 0.130587 0.168721 -0.131837
v 0.164654 0.043327 -0.141469
v -0.168610 0.039895 0.092382
v 0.124719 0.027729 -0.192350
v -0.128569 0.031142 0.137794
v 0.162267 0.030312 0.101287
v -0.111599 0.030981 -0.185448
v 0.115339 0.041907 0.139769
v -0.157173 0.030041 -0.137707
vn 0.8723 -0.2309 -0.4311
vn 0.8990 -0.4124 0.1476
vn -0.9138 -0.1911 -0.3583
vn 0.0094 0.4199 0.9075
vn 0.9660 0.2261 -0.1253
vn -0.3232 -0.7865 -0.5263
vn -0.8990 0.0265 0.4372
vn 0.0117 0.7583 -0.6519
vn -0.1185 -0.3302 -0.9364
vn -0.9722 0.1636 0.1675
vn 0.2648 0.0992 0.9592
vn 0.4121 0.7920 0.4505
vn 0.0603 -0.1615 0.9850
vn -0.9853 0.0704 -0.1558
vn 0.8071 0.1150 -0.5791
vn -0.0000 1.0000 -0.0000
vn -0.6482 -0.3870 -0.6558
vn -0.6406 -0.3988 0.6562
vn -0.0257 0.5322 0.8462
vn -0.0175 0.5497 -0.8352
vn -0.8391 0.5412 -0.0555
vn 0.8403 0.5415 0.0275
vn 0.5708 0.6025 -0.5578
vn 0.5899 0.5923 0.5488
vn -0.7284 -0.0731 -0.6812
vn 0.8709 0.4902 0.0355
vn -0.7076 -0.1086 0.6983
vn 0.6486 0.4954 -0.5778
vn -0.0275 0.4820 0.8757
vn 0.6133 0.5278 0.5876
vn -0.0274 0.4268 -0.9039
vn -0.9118 0.4073 -0.0514
vn -0.6055 0.5846 -0.5400
vn 0.9994 -0.0313 0.0168
vn 0.7622 -0.1583 -0.6277
vn -0.5415 0.5896 0.5993
vn -0.0117 -0.0293 0.9995
vn 0.6144 -0.1095 0.7814
vn -0.0396 0.0130 -0.9991
vn -0.9976 0.0146 -0.0673
vn -0.5493 0.4837 0.6814
vn -0.9670 -0.2500 -0.0498
vn 0.7251 -0.3850 -0.5710
vn -0.0069 -0.3327 0.9430
vn 0.5460 -0.4059 0.7329
vn 0.9616 -0.2742 0.0109
vn -0.6570 0.4131 -0.6307
vn -0.0277 -0.3303 -0.9435
vt 0.748492 0.496257
vt 0.748751 0.495775
vt 0.770253 0.496489
vt 0.771481 0.497028
vt 0.526538 0.863316
vt 0.526626 0.868809
vt 0.522636 0.872145
vt 0.525373 0.855895
vt 0.748493 0.495656
vt 0.771469 0.496047
vt 0.773171 0.496633
vt 0.541597 0.851978
vt 0.533636 0.852291
vt 0.537379 0.844034
vt 0.538235 0.844203
vt 0.529178 0.866313
vt 0.532505 0.875110
vt 0.527924 0.864204
vt 0.532505 0.855156
vt 0.550410 0.844972
vt 0.550410 0.850639
vt 0.547702 0.848295
vt 0.548200 0.845394
vt 0.533636 0.834137
vt 0.537362 0.841982
vt 0.541684 0.838453
vt 0.538021 0.842497
vt 0.738954 0.495183
vt 0.738905 0.497028
vt 0.736236 0.495412
vt 0.704612 0.369946
vt 0.704612 0.385056
vt 0.711863 0.384253
vt 0.712117 0.369853
vt 0.751534 0.362264
vt 0.751590 0.367997
vt 0.754718 0.367199
vt 0.754911 0.361850
vt 0.751534 0.383812
vt 0.751682 0.389287
vt 0.754945 0.389708
vt 0.755175 0.384884
vt 0.740300 0.363235
vt 0.738589 0.371739
vt 0.747891 0.371684
vt 0.747282 0.364441
vt 0.721602 0.392143
vt 0.723157 0.383458
vt 0.712907 0.383811
vt 0.714159 0.392112
vt 0.764723 0.369334
vt 0.761079 0.367630
vt 0.760695 0.384329
vt 0.764575 0.382668
vt 0.726064 0.361723
vt 0.724404 0.370228
vt 0.734357 0.371047
vt 0.733703 0.362652
vt 0.735557 0.370723
vt 0.748946 0.371648
vt 0.758960 0.367852
vt 0.761446 0.365586
vt 0.759651 0.364355
vt 0.724688 0.376445
vt 0.723489 0.384134
vt 0.734460 0.383479
vt 0.734130 0.376466
vt 0.758187 0.387966
vt 0.760800 0.386460
vt 0.758598 0.384556
vt 0.737320 0.384574
vt 0.736124 0.375916
vt 0.738954 0.377082
vt 0.737818 0.384388
vt 0.748078 0.383579
vt 0.747806 0.377432
vt 0.750532 0.384350
vt 0.749573 0.377645
vt 0.722646 0.378037
vt 0.723846 0.369038
vt 0.712408 0.369292
vt 0.713384 0.379785
vt 0.734047 0.391077
vt 0.736972 0.391555
vt 0.739048 0.390933
vt 0.747720 0.390118
vt 0.750220 0.390933
vt 0.724659 0.391555
vt 0.722647 0.362092
vt 0.713401 0.362092
s 0
usemtl Material.001
f 775/1001/662 774/1002/662 764/1003/662 763/1004/662
f 763/1005/663 764/1006/663 767/1007/663 766/1008/663
f 774/1002/664 776/1009/664 762/1010/664 764/1003/664
f 776/1009/665 775/1001/665 763/1004/665 773/1011/665 762/1010/665
f 766/1012/666 767/1013/666 770/1014/666 769/1015/666
f 764/1006/667 762/1016/667 765/1017/667 767/1007/667
f 762/1016/668 773/1018/668 772/1019/668 765/1017/668
f 769/1020/669 770/1021/669 768/1022/669 771/1023/669
f 767/1013/670 765/1024/670 768/1025/670 770/1014/670
f 765/1024/671 772/1026/671 771/1027/671 768/1025/671
f 772/1019/672 773/1018/672 763/1005/672 766/1008/672
f 771/1027/673 772/1026/673 766/1012/673 769/1015/673
f 759/1028/674 760/1029/674 775/1001/674 776/1009/674
f 761/1030/675 759/1028/675 776/1009/675 774/1002/675
f 760/1029/676 761/1030/676 774/1002/676 775/1001/676
f 777/1031/677 785/1032/677 784/1033/677 783/1034/677
f 778/1035/678 779/1036/678 809/1037/678 807/1038/678
f 780/1039/679 756/1040/679 805/1041/679 803/1042/679
f 783/1043/680 796/1044/680 794/1045/680 777/1046/680
f 785/1047/681 798/1048/681 797/1049/681 784/1050/681
f 784/1051/682 800/1052/682 795/1053/682 783/1054/682
f 777/1055/683 799/1056/683 801/1057/683 785/1058/683
f 785/1058/684 801/1057/684 798/1059/684
f 777/1046/685 794/1045/685 799/1060/685
f 792/1061/686 800/1052/686 797/1062/686 793/1063/686
f 791/1064/687 806/1065/687 802/1066/687 788/1067/687
f 787/1068/688 796/1069/688 795/1053/688 789/1070/688
f 788/1067/689 802/1066/689 804/1071/689 790/1072/689
f 787/1073/690 805/1074/690 808/1075/690 786/1076/690
f 786/1076/691 808/1075/691 806/1077/691 791/1078/691
f 790/1079/692 804/1080/692 807/1081/692 793/1082/692
f 792/1061/693 809/1037/693 803/1042/693 789/1070/693
f 800/1052/694 784/1051/694 797/1062/694
f 799/1056/695 791/1064/695 788/1067/695 801/1057/695
f 801/1057/696 788/1067/696 790/1072/696 798/1059/696
f 796/1069/697 783/1054/697 795/1053/697
f 796/1044/698 787/1073/698 786/1076/698 794/1045/698
f 794/1045/699 786/1076/699 791/1078/699 799/1060/699
f 798/1048/700 790/1079/700 793/1082/700 797/1049/700
f 800/1052/701 792/1061/701 789/1070/701 795/1053/701
f 805/1041/702 787/1068/702 789/1070/702 803/1042/702
f 809/1037/703 779/1036/703 780/1039/703 803/1042/703
f 802/1066/704 781/1083/704 758/1084/704 804/1071/704
f 805/1074/705 756/1085/705 757/1086/705 808/1075/705
f 808/1075/706 757/1086/706 782/1087/706 806/1077/706
f 806/1065/707 782/1088/707 781/1083/707 802/1066/707
f 809/1037/708 792/1061/708 793/1063/708 807/1038/708
f 804/1080/709 758/1089/709 778/1090/709 807/1081/709
o steering_wheel
v -0.474966 0.000000 0.418147
v -0.390205 -0.000000 0.322239
v -0.544685 0.000000 -0.017242
v -0.629563 0.000000 -0.017242
v 0.000000 0.000000 0.505007
v 0.000000 0.000000 0.586400
v -0.432077 0.064423 0.370092
v -0.604502 0.064423 -0.017242
v 0.000000 0.064423 0.546879
v -0.408492 0.000000 -0.381815
v -0.469531 0.000000 -0.440795
v -0.451508 0.064423 -0.423380
v 0.005632 0.000000 -0.525964
v 0.000000 0.000000 -0.621824
v -0.000603 0.064423 -0.585455
v -0.493439 0.000000 -0.154421
v -0.465047 0.000000 -0.230423
v -0.524050 0.064423 -0.230811
v -0.207322 -0.031478 -0.047228
v -0.189755 0.034694 -0.106701
v -0.175201 -0.031478 -0.132496
v 0.000000 0.055323 -0.203527
v -0.177066 0.054917 0.148063
v -0.169081 -0.032181 0.120528
v 0.000000 -0.032181 -0.197208
v 0.000000 -0.032181 0.189430
v 0.000000 0.054917 0.222797
v -0.076901 -0.122257 -0.021987
v -0.065596 -0.122256 0.050985
v 0.000000 -0.122257 -0.067740
v 0.000000 -0.122257 0.076730
v 0.474966 0.000000 0.418147
v 0.390205 -0.000000 0.322239
v 0.544685 0.000000 -0.017242
v 0.629563 0.000000 -0.017242
v 0.432077 0.064423 0.370092
v 0.604502 0.064423 -0.017242
v 0.408492 0.000000 -0.381815
v 0.469531 0.000000 -0.440795
v 0.451508 0.064423 -0.423380
v -0.005632 0.000000 -0.525964
v 0.000603 0.064423 -0.585455
v 0.493439 0.000000 -0.154421
v 0.465047 0.000000 -0.230423
v 0.524050 0.064423 -0.230811
v 0.207322 -0.031478 -0.047228
v 0.189755 0.034694 -0.106701
v 0.175201 -0.031478 -0.132496
v 0.177066 0.054917 0.148063
v 0.169081 -0.032181 0.120528
v 0.076901 -0.122257 -0.021987
v 0.065596 -0.122256 0.050985
vn -0.0000 -1.0000 -0.0000
vn 0.3177 0.6092 -0.7266
vn 0.6873 0.6573 -0.3091
vn -0.2839 0.6019 0.7464
vn -0.7870 0.5317 0.3128
vn -0.8802 0.3392 -0.3321
vn 0.7079 0.6544 0.2658
vn -0.3199 0.4015 -0.8582
vn 0.2521 0.6550 0.7123
vn -0.1436 0.9871 -0.0712
vn 0.7113 0.6502 0.2670
vn -0.3628 -0.3223 0.8743
vn -0.4071 0.0768 -0.9102
vn 0.2316 0.8201 0.5232
vn -0.2451 -0.7555 0.6076
vn -0.9896 0.0859 0.1153
vn -0.5930 -0.7963 0.1197
vn -0.5332 -0.8218 -0.2008
vn -0.0959 -0.9947 -0.0360
vn -0.1883 0.6990 0.6899
vn 0.3437 0.3622 -0.8664
vn -0.0004 1.0000 0.0010
vn -0.3177 0.6092 -0.7266
vn -0.6873 0.6573 -0.3091
vn 0.2839 0.6019 0.7464
vn 0.7870 0.5317 0.3128
vn 0.8802 0.3392 -0.3321
vn -0.7079 0.6544 0.2658
vn 0.3199 0.4015 -0.8582
vn -0.2521 0.6550 0.7123
vn 0.1436 0.9871 -0.0712
vn -0.7113 0.6502 0.2670
vn 0.3628 -0.3223 0.8743
vn 0.4071 0.0768 -0.9102
vn -0.2316 0.8201 0.5232
vn 0.2451 -0.7555 0.6076
vn 0.9896 0.0859 0.1153
vn 0.5930 -0.7963 0.1197
vn 0.5332 -0.8218 -0.2008
vn 0.0959 -0.9947 -0.0360
vn 0.1883 0.6990 0.6899
vn -0.3437 0.3622 -0.8664
vn 0.0004 1.0000 0.0010
vt 0.783006 0.427566
vt 0.784500 0.431518
vt 0.773378 0.438208
vt 0.772524 0.432941
vt 0.764589 0.440827
vt 0.764538 0.437493
vt 0.753675 0.427497
vt 0.767400 0.434704
vt 0.767218 0.440655
vt 0.752473 0.431950
vt 0.779351 0.429031
vt 0.780786 0.434059
vt 0.784712 0.435226
vt 0.773750 0.442335
vt 0.764612 0.443691
vt 0.759429 0.443244
vt 0.754904 0.441547
vt 0.755275 0.438881
vt 0.782849 0.422392
vt 0.786228 0.423693
vt 0.745486 0.434243
vt 0.745882 0.430625
vt 0.771718 0.450098
vt 0.771919 0.444322
vt 0.785938 0.437394
vt 0.787061 0.442731
vt 0.755650 0.435687
vt 0.747239 0.427566
vt 0.734939 0.373380
vt 0.744180 0.381156
vt 0.745074 0.353626
vt 0.759355 0.435705
vt 0.761300 0.436310
vt 0.765336 0.445539
vt 0.766911 0.440724
vt 0.736602 0.382759
vt 0.736480 0.372125
vt 0.747069 0.372332
vt 0.747748 0.383066
vt 0.745074 0.394130
vt 0.753324 0.355487
vt 0.751715 0.390687
vt 0.735501 0.364537
vt 0.741869 0.359770
vt 0.741185 0.352893
vt 0.735188 0.349915
vt 0.730473 0.385138
vt 0.728444 0.364837
vt 0.739264 0.351544
vt 0.739264 0.393518
vt 0.740594 0.356292
vt 0.744681 0.356292
vt 0.737974 0.369685
vt 0.744365 0.373980
vt 0.744552 0.361933
vt 0.725014 0.378072
vt 0.725089 0.364813
vt 0.747438 0.365241
vt 0.747387 0.377047
vt 0.726406 0.351134
vt 0.730498 0.350825
vt 0.732952 0.377439
vt 0.725895 0.357903
s 0
usemtl Material.001
f 814/1091/710 815/1092/710 810/1093/710 811/1094/710
f 811/1094/710 810/1093/710 813/1095/710 812/1096/710
f 814/1097/711 811/1098/711 816/1099/711 818/1100/711
f 811/1098/712 812/1101/712 817/1102/712 816/1099/712
f 815/1092/713 818/1103/713 816/1104/713 810/1093/713
f 810/1093/714 816/1104/714 817/1105/714 813/1095/714
f 817/1105/715 827/1106/715 821/1107/715 820/1108/715 813/1095/715
f 817/1102/716 812/1101/716 825/1109/716 827/1110/716
f 820/1108/717 821/1107/717 824/1111/717 823/1112/717
f 821/1113/718 819/1114/718 822/1115/718 824/1116/718
f 819/1117/710 820/1108/710 823/1112/710 822/1118/710
f 829/1119/719 832/1120/719 831/1121/719
f 813/1095/710 820/1108/710 819/1117/710 826/1122/710 825/1123/710 812/1096/710
f 827/1124/720 826/1125/720 819/1114/720 821/1113/720
f 832/1126/721 833/1127/721 835/1128/721 836/1129/721
f 829/1130/722 831/1121/722 834/1131/722 830/1132/722
f 830/1133/723 837/1134/723 839/1135/723 834/1136/723
f 838/1137/710 837/1138/710 839/1139/710 840/1140/710
f 835/1128/724 833/1127/724 838/1141/724 840/1142/724
f 832/1120/725 829/1119/725 828/1143/725 833/1144/725
f 828/1143/726 837/1134/726 838/1145/726 833/1144/726
f 828/1143/727 830/1133/727 837/1134/727
f 830/1146/728 828/1147/728 825/1148/728 826/1149/728
f 829/1119/729 827/1150/729 825/1151/729 828/1143/729
f 830/1152/730 826/1153/730 827/1150/730 829/1119/730
f 832/1120/731 836/1129/731 831/1121/731
f 814/1091/710 842/1094/710 841/1093/710 815/1092/710
f 842/1094/710 843/1096/710 844/1095/710 841/1093/710
f 814/1097/732 818/1100/732 845/1099/732 842/1098/732
f 842/1098/733 845/1099/733 846/1102/733 843/1101/733
f 815/1092/734 841/1093/734 845/1104/734 818/1103/734
f 841/1093/735 844/1095/735 846/1105/735 845/1104/735
f 846/1105/736 844/1095/736 848/1108/736 849/1107/736 854/1106/736
f 846/1102/737 854/1110/737 852/1109/737 843/1101/737
f 848/1108/738 823/1112/738 851/1111/738 849/1107/738
f 849/1113/739 851/1116/739 850/1115/739 847/1114/739
f 847/1117/710 850/1118/710 823/1112/710 848/1108/710
f 856/1119/740 831/1121/740 858/1120/740
f 844/1095/710 843/1096/710 852/1123/710 853/1122/710 847/1117/710 848/1108/710
f 854/1124/741 849/1113/741 847/1114/741 853/1125/741
f 858/1126/742 836/1129/742 835/1128/742 859/1127/742
f 856/1130/743 857/1132/743 834/1131/743 831/1121/743
f 857/1133/744 834/1136/744 839/1135/744 860/1134/744
f 861/1137/710 840/1140/710 839/1139/710 860/1138/710
f 835/1128/745 840/1142/745 861/1141/745 859/1127/745
f 858/1120/746 859/1144/746 855/1143/746 856/1119/746
f 855/1143/747 859/1144/747 861/1145/747 860/1134/747
f 855/1143/748 860/1134/748 857/1133/748
f 857/1146/749 853/1149/749 852/1148/749 855/1147/749
f 856/1119/750 855/1143/750 852/1151/750 854/1150/750
f 857/1152/751 856/1119/751 854/1150/751 853/1153/751
f 858/1120/752 831/1121/752 836/1129/752
o handbrake
v -0.030139 0.000000 0.036615
v 0.030139 0.000000 0.036615
v -0.030139 -0.130910 -0.050731
v 0.030139 -0.130910 -0.050731
v -0.013958 0.704248 -0.175823
v 0.013958 0.704248 -0.175823
v -0.013958 0.704248 -0.215042
v 0.013958 0.704248 -0.215042
v -0.030139 0.629557 -0.219705
v -0.030139 0.629557 -0.170044
v 0.030139 0.629557 -0.170044
v 0.030139 0.629557 -0.219705
v 0.030139 0.314779 -0.191925
v 0.030139 0.314779 -0.139927
v -0.030139 0.314779 -0.139927
v -0.030139 0.314779 -0.191925
vn -0.0000 1.0000 -0.0000
vn 1.0000 -0.0000 -0.0000
vn -1.0000 -0.0000 -0.0000
vn -0.0000 -0.0879 -0.9961
vn -0.0000 0.0952 0.9955
vn -0.9773 0.2117 -0.0000
vn -0.0000 0.0771 0.9970
vn 0.9773 0.2117 -0.0000
vn -0.0000 0.0623 -0.9981
vn -0.0000 0.4892 0.8722
vn -0.0000 -0.3020 -0.9533
vt 0.756886 0.496796
vt 0.756716 0.496879
vt 0.756728 0.496416
vt 0.756855 0.496492
vt 0.733626 0.382015
vt 0.737009 0.382015
vt 0.737009 0.402498
vt 0.733778 0.402498
vt 0.726052 0.380831
vt 0.729616 0.380831
vt 0.729456 0.402409
vt 0.726052 0.402409
vt 0.738695 0.381245
vt 0.742503 0.381245
vt 0.742503 0.401127
vt 0.738695 0.401127
vt 0.719451 0.380940
vt 0.723423 0.380940
vt 0.723423 0.401681
vt 0.719451 0.401681
vt 0.759479 0.492144
vt 0.759117 0.500679
vt 0.754425 0.500763
vt 0.753817 0.492681
vt 0.719451 0.360153
vt 0.723423 0.360153
vt 0.738695 0.361362
vt 0.742503 0.361362
vt 0.726052 0.359253
vt 0.731071 0.359253
vt 0.732244 0.361532
vt 0.737009 0.361532
s 0
usemtl Material.001
f 866/1154/753 867/1155/753 869/1156/753 868/1157/753
f 875/1158/754 874/1159/754 873/1160/754 872/1161/754
f 877/1162/755 876/1163/755 871/1164/755 870/1165/755
f 874/1166/756 877/1167/756 870/1168/756 873/1169/756
f 876/1170/757 875/1171/757 872/1172/757 871/1173/757
f 866/1154/758 868/1157/758 870/1174/758 871/1175/758
f 867/1155/759 866/1154/759 871/1175/759 872/1176/759
f 869/1156/760 867/1155/760 872/1176/760 873/1177/760
f 868/1157/761 869/1156/761 873/1177/761 870/1174/761
f 862/1178/762 863/1179/762 875/1171/762 876/1170/762
f 865/1180/763 864/1181/763 877/1167/763 874/1166/763
f 864/1182/755 862/1183/755 876/1163/755 877/1162/755
f 863/1184/754 865/1185/754 874/1159/754 875/1158/754
